,Unnamed: 0,goods_id,goods_image,goods_name,goods_price,href,id,sales_volume,attr_name,example_img,counter_price,xinxin_price,bid_price_min
0,0,bxbr,https://img.xinxinapp.net/community/imgs/20191025/3731385a5013fe3fa5a8055e6c97fc91_800x800.jpeg?imageView2/0/w/600/h/600/interlace/1%7cimageMogr2/format/jpg,MAKE UP FOR EVER/浮生若梦 丝绒无瑕持妆粉饼,311,xinxin://www.xinxinapp.cn?route=goodsDetail&id=AagJ&goods_id=bxbr&flag=2#%7B%22from%22%3A%22tradeGoodsList%22%2C%22block%22%3A%22hotFeed%22%2C%22from_url_id%22%3A%22%22%7D,AagJ,4.0,R210 瓷白色,https://img.xinxinapp.net/community/imgs/20191025/b51c2305f4386edd4d8fddc71178b7ec_400x400.png?imageView2/0/w/200/h/200/interlace/1%7cimageMogr2/format/jpg,430,311,311
1,1,bxbr,https://img.xinxinapp.net/community/imgs/20191025/fe09f98ffa2fc29bf0389f06790dcbba_800x800.jpeg?imageView2/0/w/600/h/600/interlace/1%7cimageMogr2/format/jpg,MAKE UP FOR EVER/浮生若梦 丝绒无瑕持妆粉饼,311,xinxin://www.xinxinapp.cn?route=goodsDetail&id=K1B7&goods_id=bxbr&flag=2#%7B%22from%22%3A%22tradeGoodsList%22%2C%22block%22%3A%22feed%22%2C%22from_url_id%22%3A%22%22%7D,K1B7,4.0,Y255 玉白色,https://img.xinxinapp.net/community/imgs/20191025/14610858c963fee42e95e7c275dbceca_400x400.png?imageView2/0/w/200/h/200/interlace/1%7cimageMogr2/format/jpg,430,311,311
2,2,a3e,https://img.xinxinapp.net/community/imgs/20190904/2f68f4b60e197765eb889a2734cf3814_2000x2000.jpeg?imageView2/0/w/600/h/600/interlace/1%7cimageMogr2/format/jpg,LA MER/海蓝之谜 鎏光焕变蜜粉8g,621,xinxin://www.xinxinapp.cn?route=goodsDetail&id=gDR3&goods_id=a3e&flag=2#%7B%22from%22%3A%22tradeGoodsList%22%2C%22block%22%3A%22feed%22%2C%22from_url_id%22%3A%22%22%7D,gDR3,0.0,透明色,https://img.xinxinapp.net/community/imgs/20190904/5561ddaa66631775d14258dccd50854b_83x79.jpeg?imageView2/0/w/200/h/200/interlace/1%7cimageMogr2/format/jpg,760,621,621
3,3,bxbr,https://img.xinxinapp.net/community/imgs/20191025/efda781bdda2eb78a1c492f1aa2797ca_800x800.jpeg?imageView2/0/w/600/h/600/interlace/1%7cimageMogr2/format/jpg,MAKE UP FOR EVER/浮生若梦 丝绒无瑕持妆粉饼,311,xinxin://www.xinxinapp.cn?route=goodsDetail&id=kYgJ&goods_id=bxbr&flag=2#%7B%22from%22%3A%22tradeGoodsList%22%2C%22block%22%3A%22feed%22%2C%22from_url_id%22%3A%22%22%7D,kYgJ,4.0,Y215 杏仁白,https://img.xinxinapp.net/community/imgs/20191025/de54ca6db71159ada56d9453e2005c34_400x400.png?imageView2/0/w/200/h/200/interlace/1%7cimageMogr2/format/jpg,430,311,311
6,6,Awb,https://img.xinxinapp.net/community/imgs/20190606/a576ff46b3d9f92994321b0af0db7906_750x750.jpeg?imageView2/0/w/600/h/600/interlace/1%7cimageMogr2/format/jpg,GIVENCHY/纪梵希 四色四宫格散粉4*3g,300,xinxin://www.xinxinapp.cn?route=goodsDetail&id=208&goods_id=Awb&flag=2#%7B%22from%22%3A%22tradeGoodsList%22%2C%22block%22%3A%22feed%22%2C%22from_url_id%22%3A%22%22%7D,208,580.0,#01/Mousseline Pastel 慕斯淡彩,https://img.xinxinapp.net/community/imgs/20190624/d4bbcab42c03d6d70035265e148f6988_100x100.jpeg?imageView2/0/w/200/h/200/interlace/1%7cimageMogr2/format/jpg,535,300,300
7,7,wR9,https://img.xinxinapp.net/community/imgs/20190809/5f1171b7dba8c1949ecfaeea65b0e79c_750x750.jpeg?imageView2/0/w/600/h/600/interlace/1%7cimageMogr2/format/jpg,NARS/纳斯 流光美肌轻透蜜粉饼（大白饼）,221,xinxin://www.xinxinapp.cn?route=goodsDetail&id=BzXz&goods_id=wR9&flag=2#%7B%22from%22%3A%22tradeGoodsList%22%2C%22block%22%3A%22feed%22%2C%22from_url_id%22%3A%22%22%7D,BzXz,165.0,透明色10g,https://img.xinxinapp.net/community/imgs/20190809/edb901b0571f2c7b68fbba5496df3c95_100x100.jpeg?imageView2/0/w/200/h/200/interlace/1%7cimageMogr2/format/jpg,400,221,221
8,8,Awb,https://img.xinxinapp.net/community/imgs/20190606/73f5ad77d635e98302be38b9e2920716_750x750.jpeg?imageView2/0/w/600/h/600/interlace/1%7cimageMogr2/format/jpg,GIVENCHY/纪梵希 四色四宫格散粉4*3g,313,xinxin://www.xinxinapp.cn?route=goodsDetail&id=oQk&goods_id=Awb&flag=2#%7B%22from%22%3A%22tradeGoodsList%22%2C%22block%22%3A%22feed%22%2C%22from_url_id%22%3A%22%22%7D,oQk,580.0,#05/Satin Blanc 丝缎珍珠,https://img.xinxinapp.net/community/imgs/20190624/98b02bf7a200c7f9e8a3894a78184495_100x100.jpeg?imageView2/0/w/200/h/200/interlace/1%7cimageMogr2/format/jpg,535,312,312
9,9,Awb,https://img.xinxinapp.net/community/imgs/20190606/0353f051ab8c3442eb2c40766acef79d_750x750.jpeg?imageView2/0/w/600/h/600/interlace/1%7cimageMogr2/format/jpg,GIVENCHY/纪梵希 四色四宫格散粉4*3g,311,xinxin://www.xinxinapp.cn?route=goodsDetail&id=rzz&goods_id=Awb&flag=2#%7B%22from%22%3A%22tradeGoodsList%22%2C%22block%22%3A%22feed%22%2C%22from_url_id%22%3A%22%22%7D,rzz,580.0,#02/Taffetas Bege 塔夫米色,https://img.xinxinapp.net/community/imgs/20190624/52a25b0cee333b3439e3761b1b2ca6cc_100x100.jpeg?imageView2/0/w/200/h/200/interlace/1%7cimageMogr2/format/jpg,535,310,310
10,10,Awb,https://img.xinxinapp.net/community/imgs/20190606/fa525242b1c263e7d0778720494ecbf9_750x750.jpeg?imageView2/0/w/600/h/600/interlace/1%7cimageMogr2/format/jpg,GIVENCHY/纪梵希 四色四宫格散粉4*3g,310,xinxin://www.xinxinapp.cn?route=goodsDetail&id=wBD&goods_id=Awb&flag=2#%7B%22from%22%3A%22tradeGoodsList%22%2C%22block%22%3A%22feed%22%2C%22from_url_id%22%3A%22%22%7D,wBD,580.0,#07/Voile Rose 薄纱玫瑰,https://img.xinxinapp.net/community/imgs/20190624/499a60541cd9700b345f29467245eb0c_100x100.jpeg?imageView2/0/w/200/h/200/interlace/1%7cimageMogr2/format/jpg,535,308,308
11,11,k5x,https://img.xinxinapp.net/community/imgs/20190611/1b2f5b5a315afcbc18d7a4dfa3387846_750x750.jpeg?imageView2/0/w/600/h/600/interlace/1%7cimageMogr2/format/jpg,COSME DECORTE /黛珂 AQMW柔光缎采蜜粉20g,243,xinxin://www.xinxinapp.cn?route=goodsDetail&id=rqak&goods_id=k5x&flag=2#%7B%22from%22%3A%22tradeGoodsList%22%2C%22block%22%3A%22feed%22%2C%22from_url_id%22%3A%22%22%7D,rqak,37.0,#080/Glow Pink,https://img.xinxinapp.net/community/imgs/20190611/f3e8f1dfcc021423e513426c286ec6ce_100x100.jpeg?imageView2/0/w/200/h/200/interlace/1%7cimageMogr2/format/jpg,380,243,243
12,12,k5x,https://img.xinxinapp.net/community/imgs/20190611/f7e97282fc5fdf354a81b207fed749d0_750x750.jpeg?imageView2/0/w/600/h/600/interlace/1%7cimageMogr2/format/jpg,COSME DECORTE /黛珂 AQMW柔光缎采蜜粉20g,267,xinxin://www.xinxinapp.cn?route=goodsDetail&id=Kon6&goods_id=k5x&flag=2#%7B%22from%22%3A%22tradeGoodsList%22%2C%22block%22%3A%22feed%22%2C%22from_url_id%22%3A%22%22%7D,Kon6,37.0,#010/Misty Beige,https://img.xinxinapp.net/community/imgs/20190611/b8a1f286f6ae6e586a4ab47d4d2656c6_100x100.jpeg?imageView2/0/w/200/h/200/interlace/1%7cimageMogr2/format/jpg,380,266,266
13,13,k5x,https://img.xinxinapp.net/community/imgs/20190611/e6afab2a88cdfe396e23e5bf41eda65d_750x750.jpeg?imageView2/0/w/600/h/600/interlace/1%7cimageMogr2/format/jpg,COSME DECORTE /黛珂 AQMW柔光缎采蜜粉20g,267,xinxin://www.xinxinapp.cn?route=goodsDetail&id=2nRY&goods_id=k5x&flag=2#%7B%22from%22%3A%22tradeGoodsList%22%2C%22block%22%3A%22feed%22%2C%22from_url_id%22%3A%22%22%7D,2nRY,37.0,#011/Luminary lvory,https://img.xinxinapp.net/community/imgs/20190611/4363cbf3519227e5c606555b43df3222_100x100.jpeg?imageView2/0/w/200/h/200/interlace/1%7cimageMogr2/format/jpg,380,267,267
14,14,Ol6,https://img.xinxinapp.net/community/imgs/20190829/2ec79cedfe20ec0d3acb1d5c92c19ef3_750x750.jpeg?imageView2/0/w/600/h/600/interlace/1%7cimageMogr2/format/jpg,NARS/纳斯 流光美肌轻透蜜粉,208,xinxin://www.xinxinapp.cn?route=goodsDetail&id=rQbQ&goods_id=Ol6&flag=2#%7B%22from%22%3A%22tradeGoodsList%22%2C%22block%22%3A%22feed%22%2C%22from_url_id%22%3A%22%22%7D,rQbQ,8.0,10g,https://img.xinxinapp.net/community/imgs/20190829/05de9869284087e7a966777583267be4_750x750.jpeg?imageView2/0/w/200/h/200/interlace/1%7cimageMogr2/format/jpg,4000,208,208
15,15,meA,https://img.xinxinapp.net/community/imgs/20190828/a124beebeb39eea6445dd726a44f97d1_750x750.jpeg?imageView2/0/w/600/h/600/interlace/1%7cimageMogr2/format/jpg,MAKE UP FOR EVER/浮生若梦 HD高清晰无痕蜜粉,223,xinxin://www.xinxinapp.cn?route=goodsDetail&id=Kg88&goods_id=meA&flag=2#%7B%22from%22%3A%22tradeGoodsList%22%2C%22block%22%3A%22feed%22%2C%22from_url_id%22%3A%22%22%7D,Kg88,12.0,8.5g,https://img.xinxinapp.net/community/imgs/20190828/41997ee3a3f5525b0f90c651d577e26b_750x750.jpeg?imageView2/0/w/200/h/200/interlace/1%7cimageMogr2/format/jpg,330,223,223
16,16,Dp5,https://img.xinxinapp.net/community/imgs/20190610/b43c58a90bb969287eb85c1757b0b06d_1047x1047.jpeg?imageView2/0/w/600/h/600/interlace/1%7cimageMogr2/format/jpg,DIOR/迪奥 凝脂粉饼9g,322,xinxin://www.xinxinapp.cn?route=goodsDetail&id=q6xJ&goods_id=Dp5&flag=2#%7B%22from%22%3A%22tradeGoodsList%22%2C%22block%22%3A%22feed%22%2C%22from_url_id%22%3A%22%22%7D,q6xJ,24.0,#020/浅米色,https://img.xinxinapp.net/community/imgs/20190610/a5853967b0bca2e63cd20634ef6707a8_100x100.jpeg?imageView2/0/w/200/h/200/interlace/1%7cimageMogr2/format/jpg,570,322,377
17,17,qBe,https://img.xinxinapp.net/community/imgs/20190614/a4a431b02b54628d53b40be6653b7728_750x750.jpeg?imageView2/0/w/600/h/600/interlace/1%7cimageMogr2/format/jpg,CPB/肌肤之钥 亮采柔肤粉10g,490,xinxin://www.xinxinapp.cn?route=goodsDetail&id=Vxg3&goods_id=qBe&flag=2#%7B%22from%22%3A%22tradeGoodsList%22%2C%22block%22%3A%22feed%22%2C%22from_url_id%22%3A%22%22%7D,Vxg3,0.0,#17,https://img.xinxinapp.net/community/imgs/20190617/b1a95ccfae6ff169e044096562e90972_750x750.jpeg?imageView2/0/w/200/h/200/interlace/1%7cimageMogr2/format/jpg,700,490,490
18,18,qBe,https://img.xinxinapp.net/community/imgs/20190614/733b6ef086982096ab31c4518f6b4986_750x750.jpeg?imageView2/0/w/600/h/600/interlace/1%7cimageMogr2/format/jpg,CPB/肌肤之钥 亮采柔肤粉10g,459,xinxin://www.xinxinapp.cn?route=goodsDetail&id=PBAr&goods_id=qBe&flag=2#%7B%22from%22%3A%22tradeGoodsList%22%2C%22block%22%3A%22feed%22%2C%22from_url_id%22%3A%22%22%7D,PBAr,0.0,#14,https://img.xinxinapp.net/community/imgs/20190617/72fee644560a22b7c1a3dbf7879a4566_750x750.jpeg?imageView2/0/w/200/h/200/interlace/1%7cimageMogr2/format/jpg,700,459,459
19,19,V2L,https://img.xinxinapp.net/community/imgs/20190611/0f120ba5b62fd5731a449a06cfe4f11b_430x430.jpeg?imageView2/0/w/600/h/600/interlace/1%7cimageMogr2/format/jpg,CANMAKE/井田 棉花糖粉饼10g,90,xinxin://www.xinxinapp.cn?route=goodsDetail&id=oAmR&goods_id=V2L&flag=2#%7B%22from%22%3A%22tradeGoodsList%22%2C%22block%22%3A%22feed%22%2C%22from_url_id%22%3A%22%22%7D,oAmR,45.0,#ML/象牙白,https://img.xinxinapp.net/community/imgs/20190611/c8efba59c26817256961974071f6aab1_100x100.jpeg?imageView2/0/w/200/h/200/interlace/1%7cimageMogr2/format/jpg,166,90,90
21,21,V2L,https://img.xinxinapp.net/community/imgs/20190611/5384f2d17f1186f8776ef8f95c5cbcdf_430x430.jpeg?imageView2/0/w/600/h/600/interlace/1%7cimageMogr2/format/jpg,CANMAKE/井田 棉花糖粉饼10g,77,xinxin://www.xinxinapp.cn?route=goodsDetail&id=rAm2&goods_id=V2L&flag=2#%7B%22from%22%3A%22tradeGoodsList%22%2C%22block%22%3A%22feed%22%2C%22from_url_id%22%3A%22%22%7D,rAm2,45.0,#MB/自然肤色,https://img.xinxinapp.net/community/imgs/20190611/e956862ae15d238275af4377a0a7171e_100x100.jpeg?imageView2/0/w/200/h/200/interlace/1%7cimageMogr2/format/jpg,166,77,77
22,22,21q,https://img.xinxinapp.net/community/imgs/20190612/8ee68df2784dfab08794fe545650fe77_750x750.jpeg?imageView2/0/w/600/h/600/interlace/1%7cimageMogr2/format/jpg,GUERLAIN/娇兰 金钻粉饼10g,458,xinxin://www.xinxinapp.cn?route=goodsDetail&id=581L&goods_id=21q&flag=2#%7B%22from%22%3A%22tradeGoodsList%22%2C%22block%22%3A%22feed%22%2C%22from_url_id%22%3A%22%22%7D,581L,0.0,#00  ,https://img.xinxinapp.net/community/imgs/20190612/7894c6e449fad3c966d4f5e2d3fd94cc_100x100.jpeg?imageView2/0/w/200/h/200/interlace/1%7cimageMogr2/format/jpg,720,458,458
23,23,21q,https://img.xinxinapp.net/community/imgs/20190612/69cb58c2808bbdce595783ac773c3eb2_750x750.jpeg?imageView2/0/w/600/h/600/interlace/1%7cimageMogr2/format/jpg,GUERLAIN/娇兰 金钻粉饼10g,458,xinxin://www.xinxinapp.cn?route=goodsDetail&id=vwBr&goods_id=21q&flag=2#%7B%22from%22%3A%22tradeGoodsList%22%2C%22block%22%3A%22feed%22%2C%22from_url_id%22%3A%22%22%7D,vwBr,0.0,#01   ,https://img.xinxinapp.net/community/imgs/20190612/0e5326db9b794135442710486c9d5c97_100x100.jpeg?imageView2/0/w/200/h/200/interlace/1%7cimageMogr2/format/jpg,720,458,458
24,24,k5x,https://img.xinxinapp.net/community/imgs/20190611/1a9617701e886020776502661866d60a_750x750.jpeg?imageView2/0/w/600/h/600/interlace/1%7cimageMogr2/format/jpg,COSME DECORTE /黛珂 AQMW柔光缎采蜜粉20g,325,xinxin://www.xinxinapp.cn?route=goodsDetail&id=kOby&goods_id=k5x&flag=2#%7B%22from%22%3A%22tradeGoodsList%22%2C%22block%22%3A%22feed%22%2C%22from_url_id%22%3A%22%22%7D,kOby,37.0,#000/Translucent,https://img.xinxinapp.net/community/imgs/20190611/a31241b64a4852a13d438dd2da496b09_100x100.jpeg?imageView2/0/w/200/h/200/interlace/1%7cimageMogr2/format/jpg,380,325,325
25,25,V2L,https://img.xinxinapp.net/community/imgs/20190611/4dbe14bb0411ad15be3c2ec0b75f99bc_458x458.jpeg?imageView2/0/w/600/h/600/interlace/1%7cimageMogr2/format/jpg,CANMAKE/井田 棉花糖粉饼10g,79,xinxin://www.xinxinapp.cn?route=goodsDetail&id=22E7&goods_id=V2L&flag=2#%7B%22from%22%3A%22tradeGoodsList%22%2C%22block%22%3A%22feed%22%2C%22from_url_id%22%3A%22%22%7D,22E7,45.0,#MO/浅肤色,https://img.xinxinapp.net/community/imgs/20190611/a8df1612ffd424f4d7ec32f7be8ca560_100x100.jpeg?imageView2/0/w/200/h/200/interlace/1%7cimageMogr2/format/jpg,166,79,79
26,26,VmR,https://img.xinxinapp.net/community/imgs/20190813/e42af989b377d144d8db819c5a8e064a_750x750.jpeg?imageView2/0/w/600/h/600/interlace/1%7cimageMogr2/format/jpg,NARS/纳斯 流光美肌轻透散粉,275,xinxin://www.xinxinapp.cn?route=goodsDetail&id=RNPX&goods_id=VmR&flag=2#%7B%22from%22%3A%22tradeGoodsList%22%2C%22block%22%3A%22feed%22%2C%22from_url_id%22%3A%22%22%7D,RNPX,0.0,10g,https://img.xinxinapp.net/community/imgs/20190813/efcd92afb831b7e6c539bf2cc9869462_750x750.jpeg?imageView2/0/w/200/h/200/interlace/1%7cimageMogr2/format/jpg,299,275,275
27,27,wR9,https://img.xinxinapp.net/community/imgs/20190620/79fc00ebcef609ef98f974c12743eeba_750x750.jpeg?imageView2/0/w/600/h/600/interlace/1%7cimageMogr2/format/jpg,NARS/纳斯 流光美肌轻透蜜粉饼（大白饼）,225,xinxin://www.xinxinapp.cn?route=goodsDetail&id=yo5Y&goods_id=wR9&flag=2#%7B%22from%22%3A%22tradeGoodsList%22%2C%22block%22%3A%22feed%22%2C%22from_url_id%22%3A%22%22%7D,yo5Y,165.0,透明色7g,https://img.xinxinapp.net/community/imgs/20190620/6c8f19f3b427aedca2131e904cb3b641_100x100.jpeg?imageView2/0/w/200/h/200/interlace/1%7cimageMogr2/format/jpg,400,220,220
28,28,GlL,https://img.xinxinapp.net/community/imgs/20190829/d4bdbe9dc1d6e4b022dd866ecf867599_750x750.png?imageView2/0/w/600/h/600/interlace/1%7cimageMogr2/format/jpg,CHARLOTTE  TILBURY/CT 无暇清透持久蜜粉定妆粉饼,268,xinxin://www.xinxinapp.cn?route=goodsDetail&id=0Gp7&goods_id=GlL&flag=2#%7B%22from%22%3A%22tradeGoodsList%22%2C%22block%22%3A%22feed%22%2C%22from_url_id%22%3A%22%22%7D,0Gp7,0.0,2#Medium二白（适合偏黄或较深肤色））,https://img.xinxinapp.net/community/imgs/20190829/8b73be83b0f98ebb37b13c14663f898c_750x750.png?imageView2/0/w/200/h/200/interlace/1%7cimageMogr2/format/jpg,348,268,268
29,29,V2L,https://img.xinxinapp.net/community/imgs/20190611/3c784e7f698877d35500e2c429704f02_430x430.jpeg?imageView2/0/w/600/h/600/interlace/1%7cimageMogr2/format/jpg,CANMAKE/井田 棉花糖粉饼10g,120,xinxin://www.xinxinapp.cn?route=goodsDetail&id=7Qr3&goods_id=V2L&flag=2#%7B%22from%22%3A%22tradeGoodsList%22%2C%22block%22%3A%22feed%22%2C%22from_url_id%22%3A%22%22%7D,7Qr3,45.0,#PL/薰衣草紫,https://img.xinxinapp.net/community/imgs/20190611/8525b4341fb7ef5d3a0257c8735318c5_100x100.jpeg?imageView2/0/w/200/h/200/interlace/1%7cimageMogr2/format/jpg,166,120,120
30,30,Dp5,https://img.xinxinapp.net/community/imgs/20190610/54fc9dd7e1e8893c401bb2792c5139d4_1047x1047.jpeg?imageView2/0/w/600/h/600/interlace/1%7cimageMogr2/format/jpg,DIOR/迪奥 凝脂粉饼9g,--,xinxin://www.xinxinapp.cn?route=goodsDetail&id=JaxX&goods_id=Dp5&flag=2#%7B%22from%22%3A%22tradeGoodsList%22%2C%22block%22%3A%22feed%22%2C%22from_url_id%22%3A%22%22%7D,JaxX,24.0,#010/象牙白,https://img.xinxinapp.net/community/imgs/20190610/5ea80eb792ac844fa166c0d5316a5036_100x100.jpeg?imageView2/0/w/200/h/200/interlace/1%7cimageMogr2/format/jpg,570,--,0
33,33,Awb,https://img.xinxinapp.net/community/imgs/20190724/64fbc928a704b66ff41d48cee5d1e559_750x750.jpeg?imageView2/0/w/600/h/600/interlace/1%7cimageMogr2/format/jpg,GIVENCHY/纪梵希 四色四宫格散粉4*3g,--,xinxin://www.xinxinapp.cn?route=goodsDetail&id=AzDk&goods_id=Awb&flag=2#%7B%22from%22%3A%22tradeGoodsList%22%2C%22block%22%3A%22feed%22%2C%22from_url_id%22%3A%22%22%7D,AzDk,580.0,#10,https://img.xinxinapp.net/community/imgs/20190724/5a6e98664dda745c01b11f41693d8392_750x750.jpeg?imageView2/0/w/200/h/200/interlace/1%7cimageMogr2/format/jpg,535,--,0
34,34,5Y6,https://img.xinxinapp.net/community/imgs/20190611/f8a5360e0a31ecbe8b48f2683126ba09_993x993.jpeg?imageView2/0/w/600/h/600/interlace/1%7cimageMogr2/format/jpg,DIOR/迪奥 修护焕采粉饼11g,--,xinxin://www.xinxinapp.cn?route=goodsDetail&id=DrYd&goods_id=5Y6&flag=2#%7B%22from%22%3A%22tradeGoodsList%22%2C%22block%22%3A%22feed%22%2C%22from_url_id%22%3A%22%22%7D,DrYd,0.0,#010 象牙白,https://img.xinxinapp.net/community/imgs/20190611/0f87cca41e93e857cace31cbda8066cf_100x100.jpeg?imageView2/0/w/200/h/200/interlace/1%7cimageMogr2/format/jpg,760,--,0
35,35,5Y6,https://img.xinxinapp.net/community/imgs/20190611/2915bcdbc2a8fc5b96071d80940a87d9_993x993.jpeg?imageView2/0/w/600/h/600/interlace/1%7cimageMogr2/format/jpg,DIOR/迪奥 修护焕采粉饼11g,--,xinxin://www.xinxinapp.cn?route=goodsDetail&id=LgYL&goods_id=5Y6&flag=2#%7B%22from%22%3A%22tradeGoodsList%22%2C%22block%22%3A%22feed%22%2C%22from_url_id%22%3A%22%22%7D,LgYL,0.0,#021 亚麻色,https://img.xinxinapp.net/community/imgs/20190611/c1ca7b2597b52d90e1ff15c3275245d9_100x100.jpeg?imageView2/0/w/200/h/200/interlace/1%7cimageMogr2/format/jpg,760,--,0
36,36,5Y6,https://img.xinxinapp.net/community/imgs/20190611/af20422671688efb958bffcd6ca17946_993x993.jpeg?imageView2/0/w/600/h/600/interlace/1%7cimageMogr2/format/jpg,DIOR/迪奥 修护焕采粉饼11g,--,xinxin://www.xinxinapp.cn?route=goodsDetail&id=EoYn&goods_id=5Y6&flag=2#%7B%22from%22%3A%22tradeGoodsList%22%2C%22block%22%3A%22feed%22%2C%22from_url_id%22%3A%22%22%7D,EoYn,0.0,#012 瓷白色,https://img.xinxinapp.net/community/imgs/20190611/13e15076806903dd5853587e7bfdc236_100x100.jpeg?imageView2/0/w/200/h/200/interlace/1%7cimageMogr2/format/jpg,760,--,0
37,37,5Y6,https://img.xinxinapp.net/community/imgs/20190611/5efa38d1b3eb6bb7bc15f07ac7e8d03e_993x993.jpeg?imageView2/0/w/600/h/600/interlace/1%7cimageMogr2/format/jpg,DIOR/迪奥 修护焕采粉饼11g,--,xinxin://www.xinxinapp.cn?route=goodsDetail&id=Xx79&goods_id=5Y6&flag=2#%7B%22from%22%3A%22tradeGoodsList%22%2C%22block%22%3A%22feed%22%2C%22from_url_id%22%3A%22%22%7D,Xx79,0.0,#023 粉红色,https://img.xinxinapp.net/community/imgs/20190611/34b71c3f49fb991ec694f8e1cd7c7078_100x100.jpeg?imageView2/0/w/200/h/200/interlace/1%7cimageMogr2/format/jpg,760,--,0
38,38,5Y6,https://img.xinxinapp.net/community/imgs/20190611/34ddf9d8249f6789d202427c1702acbc_993x993.jpeg?imageView2/0/w/600/h/600/interlace/1%7cimageMogr2/format/jpg,DIOR/迪奥 修护焕采粉饼11g,--,xinxin://www.xinxinapp.cn?route=goodsDetail&id=dagJ&goods_id=5Y6&flag=2#%7B%22from%22%3A%22tradeGoodsList%22%2C%22block%22%3A%22feed%22%2C%22from_url_id%22%3A%22%22%7D,dagJ,0.0,#020 浅米色,https://img.xinxinapp.net/community/imgs/20190611/7a391b890eb3b806dff835b2d4bf0096_100x100.jpeg?imageView2/0/w/200/h/200/interlace/1%7cimageMogr2/format/jpg,760,--,0
39,39,5Y6,https://img.xinxinapp.net/community/imgs/20190611/88b7190d7bd6493cf5153d5d0075da82_993x993.jpeg?imageView2/0/w/600/h/600/interlace/1%7cimageMogr2/format/jpg,DIOR/迪奥 修护焕采粉饼11g,--,xinxin://www.xinxinapp.cn?route=goodsDetail&id=eaD9&goods_id=5Y6&flag=2#%7B%22from%22%3A%22tradeGoodsList%22%2C%22block%22%3A%22feed%22%2C%22from_url_id%22%3A%22%22%7D,eaD9,0.0,#030 中米色,https://img.xinxinapp.net/community/imgs/20190611/ee938a2ffc079136252c1b14409e97bc_100x100.jpeg?imageView2/0/w/200/h/200/interlace/1%7cimageMogr2/format/jpg,760,--,0
40,40,V2L,https://img.xinxinapp.net/community/imgs/20190611/2ea4918e8c61ad4cb3bd6eb949f3430e_458x458.jpeg?imageView2/0/w/600/h/600/interlace/1%7cimageMogr2/format/jpg,CANMAKE/井田 棉花糖粉饼10g,--,xinxin://www.xinxinapp.cn?route=goodsDetail&id=wZma&goods_id=V2L&flag=2#%7B%22from%22%3A%22tradeGoodsList%22%2C%22block%22%3A%22feed%22%2C%22from_url_id%22%3A%22%22%7D,wZma,45.0,#MP/珠光色,https://img.xinxinapp.net/community/imgs/20190611/4cbe637e28b26076bd9a81ecd7b8e76b_100x100.jpeg?imageView2/0/w/200/h/200/interlace/1%7cimageMogr2/format/jpg,166,--,0
41,41,21q,https://img.xinxinapp.net/community/imgs/20190613/c5977947248fc594977c9a72044c81d4_750x750.jpeg?imageView2/0/w/600/h/600/interlace/1%7cimageMogr2/format/jpg,GUERLAIN/娇兰 金钻粉饼10g,--,xinxin://www.xinxinapp.cn?route=goodsDetail&id=l8am&goods_id=21q&flag=2#%7B%22from%22%3A%22tradeGoodsList%22%2C%22block%22%3A%22feed%22%2C%22from_url_id%22%3A%22%22%7D,l8am,0.0,#02    ,https://img.xinxinapp.net/community/imgs/20190613/54874c7d4a854b7a59b24b64c0e8e9d7_100x100.jpeg?imageView2/0/w/200/h/200/interlace/1%7cimageMogr2/format/jpg,720,--,0
42,42,21q,https://img.xinxinapp.net/community/imgs/20190613/a2f14fd8ebd532afef3b9cefd217e805_750x750.jpeg?imageView2/0/w/600/h/600/interlace/1%7cimageMogr2/format/jpg,GUERLAIN/娇兰 金钻粉饼10g,--,xinxin://www.xinxinapp.cn?route=goodsDetail&id=12Kq&goods_id=21q&flag=2#%7B%22from%22%3A%22tradeGoodsList%22%2C%22block%22%3A%22feed%22%2C%22from_url_id%22%3A%22%22%7D,12Kq,0.0,#03,https://img.xinxinapp.net/community/imgs/20190613/15f87e2930bd2c2faf66d6b8a6a32473_100x100.jpeg?imageView2/0/w/200/h/200/interlace/1%7cimageMogr2/format/jpg,720,--,0
43,43,V2L,https://img.xinxinapp.net/community/imgs/20190611/28380668ebe127b430087072bed9b6fa_430x430.jpeg?imageView2/0/w/600/h/600/interlace/1%7cimageMogr2/format/jpg,CANMAKE/井田 棉花糖粉饼10g,--,xinxin://www.xinxinapp.cn?route=goodsDetail&id=81oz&goods_id=V2L&flag=2#%7B%22from%22%3A%22tradeGoodsList%22%2C%22block%22%3A%22feed%22%2C%22from_url_id%22%3A%22%22%7D,81oz,45.0,#PN/粉嫩色,https://img.xinxinapp.net/community/imgs/20190611/dad821124509128623a8a86807e893f5_100x100.jpeg?imageView2/0/w/200/h/200/interlace/1%7cimageMogr2/format/jpg,166,--,0
45,45,GlL,https://img.xinxinapp.net/community/imgs/20190829/f6f01450626d193570e8da79b0e2dec1_750x750.jpeg?imageView2/0/w/600/h/600/interlace/1%7cimageMogr2/format/jpg,CHARLOTTE  TILBURY/CT 无暇清透持久蜜粉定妆粉饼,--,xinxin://www.xinxinapp.cn?route=goodsDetail&id=8mQZ&goods_id=GlL&flag=2#%7B%22from%22%3A%22tradeGoodsList%22%2C%22block%22%3A%22feed%22%2C%22from_url_id%22%3A%22%22%7D,8mQZ,0.0,1#Fair一白（适合偏白肤色）,https://img.xinxinapp.net/community/imgs/20190829/0d974b35c445b6bfc8f7d34212b58096_750x750.jpeg?imageView2/0/w/200/h/200/interlace/1%7cimageMogr2/format/jpg,348,--,0
46,46,22K,https://img.xinxinapp.net/community/imgs/20190612/0e525a6de0cc4ccfe1c35073fc573d37_750x750.jpeg?imageView2/0/w/600/h/600/interlace/1%7cimageMogr2/format/jpg,NARS/纳斯 裸光奇肌蜜粉饼7g,--,xinxin://www.xinxinapp.cn?route=goodsDetail&id=O1K7&goods_id=22K&flag=2#%7B%22from%22%3A%22tradeGoodsList%22%2C%22block%22%3A%22feed%22%2C%22from_url_id%22%3A%22%22%7D,O1K7,0.0,Mountain/米黄色,https://img.xinxinapp.net/community/imgs/20190612/4593a86996be365ed00f5ff284032fb6_100x100.jpeg?imageView2/0/w/200/h/200/interlace/1%7cimageMogr2/format/jpg,400,--,0
47,47,22K,https://img.xinxinapp.net/community/imgs/20190612/7ef4fd6d4d841053f3ce328cd083c056_750x750.jpeg?imageView2/0/w/600/h/600/interlace/1%7cimageMogr2/format/jpg,NARS/纳斯 裸光奇肌蜜粉饼7g,--,xinxin://www.xinxinapp.cn?route=goodsDetail&id=a6md&goods_id=22K&flag=2#%7B%22from%22%3A%22tradeGoodsList%22%2C%22block%22%3A%22feed%22%2C%22from_url_id%22%3A%22%22%7D,a6md,0.0,Snow/白皙色,https://img.xinxinapp.net/community/imgs/20190612/2a8b684a476163b6a7c146a08e5c0f05_100x100.jpeg?imageView2/0/w/200/h/200/interlace/1%7cimageMogr2/format/jpg,400,--,0
48,48,22K,https://img.xinxinapp.net/community/imgs/20190612/2cc69128b9a8198291412aa26a185979_750x750.jpeg?imageView2/0/w/600/h/600/interlace/1%7cimageMogr2/format/jpg,NARS/纳斯 裸光奇肌蜜粉饼7g,--,xinxin://www.xinxinapp.cn?route=goodsDetail&id=mwp5&goods_id=22K&flag=2#%7B%22from%22%3A%22tradeGoodsList%22%2C%22block%22%3A%22feed%22%2C%22from_url_id%22%3A%22%22%7D,mwp5,0.0,Beach/米色,https://img.xinxinapp.net/community/imgs/20190612/d810d38d0f1fe457d6db16f0fd68c052_100x100.jpeg?imageView2/0/w/200/h/200/interlace/1%7cimageMogr2/format/jpg,400,--,0
49,49,22K,https://img.xinxinapp.net/community/imgs/20190612/a7c9c3a84a18517e69e73fae3b28c3cd_750x750.jpeg?imageView2/0/w/600/h/600/interlace/1%7cimageMogr2/format/jpg,NARS/纳斯 裸光奇肌蜜粉饼7g,--,xinxin://www.xinxinapp.cn?route=goodsDetail&id=GLXg&goods_id=22K&flag=2#%7B%22from%22%3A%22tradeGoodsList%22%2C%22block%22%3A%22feed%22%2C%22from_url_id%22%3A%22%22%7D,GLXg,0.0,Heat/深桃色,https://img.xinxinapp.net/community/imgs/20190612/c2ac684ec16ac3c6afb1ef50c0e7f29f_100x100.jpeg?imageView2/0/w/200/h/200/interlace/1%7cimageMogr2/format/jpg,400,--,0
50,50,22K,https://img.xinxinapp.net/community/imgs/20190612/2c37fb6002c6ef9e16414afa0ac03f44_750x750.jpeg?imageView2/0/w/600/h/600/interlace/1%7cimageMogr2/format/jpg,NARS/纳斯 裸光奇肌蜜粉饼7g,--,xinxin://www.xinxinapp.cn?route=goodsDetail&id=nka3&goods_id=22K&flag=2#%7B%22from%22%3A%22tradeGoodsList%22%2C%22block%22%3A%22feed%22%2C%22from_url_id%22%3A%22%22%7D,nka3,0.0,Flesh/浅肤色,https://img.xinxinapp.net/community/imgs/20190612/cd8d68c5a540694412567b5974b8127f_100x100.jpeg?imageView2/0/w/200/h/200/interlace/1%7cimageMogr2/format/jpg,400,--,0
51,51,22K,https://img.xinxinapp.net/community/imgs/20190612/422594c695e422f9e8d9f3941e489df2_750x750.jpeg?imageView2/0/w/600/h/600/interlace/1%7cimageMogr2/format/jpg,NARS/纳斯 裸光奇肌蜜粉饼7g,--,xinxin://www.xinxinapp.cn?route=goodsDetail&id=qbrO&goods_id=22K&flag=2#%7B%22from%22%3A%22tradeGoodsList%22%2C%22block%22%3A%22feed%22%2C%22from_url_id%22%3A%22%22%7D,qbrO,0.0,Desert/亚麻色,https://img.xinxinapp.net/community/imgs/20190612/fb700179458bb455071a7f7eced10c7c_100x100.jpeg?imageView2/0/w/200/h/200/interlace/1%7cimageMogr2/format/jpg,400,--,0
52,52,22K,https://img.xinxinapp.net/community/imgs/20190612/6a0084641595cce7a6bbb1a725a7122c_750x750.jpeg?imageView2/0/w/600/h/600/interlace/1%7cimageMogr2/format/jpg,NARS/纳斯 裸光奇肌蜜粉饼7g,--,xinxin://www.xinxinapp.cn?route=goodsDetail&id=3Kwr&goods_id=22K&flag=2#%7B%22from%22%3A%22tradeGoodsList%22%2C%22block%22%3A%22feed%22%2C%22from_url_id%22%3A%22%22%7D,3Kwr,0.0,Valley/深肤色,https://img.xinxinapp.net/community/imgs/20190612/4a3f5e284397a373ca92c50d6e214610_100x100.jpeg?imageView2/0/w/200/h/200/interlace/1%7cimageMogr2/format/jpg,400,--,0
53,53,22K,https://img.xinxinapp.net/community/imgs/20190612/ddefdd4136d9fdb22a4c23b41c9e1fa8_750x750.jpeg?imageView2/0/w/600/h/600/interlace/1%7cimageMogr2/format/jpg,NARS/纳斯 裸光奇肌蜜粉饼7g,--,xinxin://www.xinxinapp.cn?route=goodsDetail&id=JLYa&goods_id=22K&flag=2#%7B%22from%22%3A%22tradeGoodsList%22%2C%22block%22%3A%22feed%22%2C%22from_url_id%22%3A%22%22%7D,JLYa,0.0,Eden/浅米色,https://img.xinxinapp.net/community/imgs/20190612/a08909205fab396fa3061ee8c4121c61_100x100.jpeg?imageView2/0/w/200/h/200/interlace/1%7cimageMogr2/format/jpg,400,--,0
54,54,qBe,https://img.xinxinapp.net/community/imgs/20190614/160c587b405e40f2affc24eeee23a0b1_750x750.jpeg?imageView2/0/w/600/h/600/interlace/1%7cimageMogr2/format/jpg,CPB/肌肤之钥 亮采柔肤粉10g,--,xinxin://www.xinxinapp.cn?route=goodsDetail&id=v6zE&goods_id=qBe&flag=2#%7B%22from%22%3A%22tradeGoodsList%22%2C%22block%22%3A%22feed%22%2C%22from_url_id%22%3A%22%22%7D,v6zE,0.0,#16,https://img.xinxinapp.net/community/imgs/20190617/372b6c8f29e15ded943fd5e6e3247553_750x750.jpeg?imageView2/0/w/200/h/200/interlace/1%7cimageMogr2/format/jpg,700,--,0
55,55,qBe,https://img.xinxinapp.net/community/imgs/20190614/4a36df29c23ab429f40b5a7e7515b250_750x750.jpeg?imageView2/0/w/600/h/600/interlace/1%7cimageMogr2/format/jpg,CPB/肌肤之钥 亮采柔肤粉10g,--,xinxin://www.xinxinapp.cn?route=goodsDetail&id=b3AV&goods_id=qBe&flag=2#%7B%22from%22%3A%22tradeGoodsList%22%2C%22block%22%3A%22feed%22%2C%22from_url_id%22%3A%22%22%7D,b3AV,0.0,#11,https://img.xinxinapp.net/community/imgs/20190617/4f50a04f9c564e28ed7be425924b16b9_750x750.jpeg?imageView2/0/w/200/h/200/interlace/1%7cimageMogr2/format/jpg,700,--,0
56,56,qBe,https://img.xinxinapp.net/community/imgs/20190614/40a65b8ccc9e250a2350b4d5a29b3ba4_750x750.jpeg?imageView2/0/w/600/h/600/interlace/1%7cimageMogr2/format/jpg,CPB/肌肤之钥 亮采柔肤粉10g,--,xinxin://www.xinxinapp.cn?route=goodsDetail&id=5nk6&goods_id=qBe&flag=2#%7B%22from%22%3A%22tradeGoodsList%22%2C%22block%22%3A%22feed%22%2C%22from_url_id%22%3A%22%22%7D,5nk6,0.0,#15,https://img.xinxinapp.net/community/imgs/20190617/481cb569f345ea36e6cbeb2aea7c084a_750x750.jpeg?imageView2/0/w/200/h/200/interlace/1%7cimageMogr2/format/jpg,700,--,0
57,57,qBe,https://img.xinxinapp.net/community/imgs/20190614/a690b45ef38c0c85f3d17cfb80ff2443_750x750.jpeg?imageView2/0/w/600/h/600/interlace/1%7cimageMogr2/format/jpg,CPB/肌肤之钥 亮采柔肤粉10g,--,xinxin://www.xinxinapp.cn?route=goodsDetail&id=Z3p1&goods_id=qBe&flag=2#%7B%22from%22%3A%22tradeGoodsList%22%2C%22block%22%3A%22feed%22%2C%22from_url_id%22%3A%22%22%7D,Z3p1,0.0,#18,https://img.xinxinapp.net/community/imgs/20190617/90940592dcd80714cf2afc32a019547d_750x750.jpeg?imageView2/0/w/200/h/200/interlace/1%7cimageMogr2/format/jpg,700,--,0
58,58,Dp5,https://img.xinxinapp.net/community/imgs/20190610/eb16ba08f7e931a3333b95823770bb61_1047x1047.jpeg?imageView2/0/w/600/h/600/interlace/1%7cimageMogr2/format/jpg,DIOR/迪奥 凝脂粉饼9g,--,xinxin://www.xinxinapp.cn?route=goodsDetail&id=GDV0&goods_id=Dp5&flag=2#%7B%22from%22%3A%22tradeGoodsList%22%2C%22block%22%3A%22feed%22%2C%22from_url_id%22%3A%22%22%7D,GDV0,24.0,#030/中米色,https://img.xinxinapp.net/community/imgs/20190610/9515bd5ae8eeb724c4fc154e20470318_100x100.jpeg?imageView2/0/w/200/h/200/interlace/1%7cimageMogr2/format/jpg,570,--,0
59,59,Dp5,https://img.xinxinapp.net/community/imgs/20190610/34e882474bc4d6256e0a0b2aac8003de_1047x1047.jpeg?imageView2/0/w/600/h/600/interlace/1%7cimageMogr2/format/jpg,DIOR/迪奥 凝脂粉饼9g,--,xinxin://www.xinxinapp.cn?route=goodsDetail&id=m3v2&goods_id=Dp5&flag=2#%7B%22from%22%3A%22tradeGoodsList%22%2C%22block%22%3A%22feed%22%2C%22from_url_id%22%3A%22%22%7D,m3v2,24.0,#011/米白色,https://img.xinxinapp.net/community/imgs/20190610/d7a48e995628458439f06e582d2fac89_100x100.jpeg?imageView2/0/w/200/h/200/interlace/1%7cimageMogr2/format/jpg,570,--,0
60,60,Dp5,https://img.xinxinapp.net/community/imgs/20190610/65a05d58d003dbe22598851420114d1a_1047x1047.jpeg?imageView2/0/w/600/h/600/interlace/1%7cimageMogr2/format/jpg,DIOR/迪奥 凝脂粉饼9g,--,xinxin://www.xinxinapp.cn?route=goodsDetail&id=OZDv&goods_id=Dp5&flag=2#%7B%22from%22%3A%22tradeGoodsList%22%2C%22block%22%3A%22feed%22%2C%22from_url_id%22%3A%22%22%7D,OZDv,24.0,#021/亚麻色,https://img.xinxinapp.net/community/imgs/20190610/eab78ae8e23cd391d3989465b2c4635a_100x100.jpeg?imageView2/0/w/200/h/200/interlace/1%7cimageMogr2/format/jpg,570,--,0
