,Unnamed: 0,Unnamed: 0.1,goods_id,goods_image,goods_name,goods_price,href,id,sales_volume
0,0,0,Pl6,https://img.xinxinapp.net/community/imgs/20190903/86dda2013d897a9910a30b734c533e82_450x450.jpeg?imageView2/0/w/600/h/600/interlace/1%7cimageMogr2/format/jpg,MAC/魅可 单色眼影（焦点眼影）1.5g OMEGA (哑光),121,xinxin://www.xinxinapp.cn?route=goodsDetail&id=RN0x&goods_id=Pl6&flag=2#%7B%22from%22%3A%22tradeGoodsList%22%2C%22block%22%3A%22hotFeed%22%2C%22from_url_id%22%3A%22%22%7D,RN0x,35.0
1,1,1,Lp8,https://img.xinxinapp.net/community/imgs/20190918/fbddbf1c5b95176b238baae4223c2ec2_396x396.jpeg?imageView2/0/w/600/h/600/interlace/1%7cimageMogr2/format/jpg,DIOR/迪奥 5色眼影 #647/Undress,445,xinxin://www.xinxinapp.cn?route=goodsDetail&id=8mB8&goods_id=Lp8&flag=2#%7B%22from%22%3A%22tradeGoodsList%22%2C%22block%22%3A%22feed%22%2C%22from_url_id%22%3A%22%22%7D,8mB8,0.0
2,2,2,Lp8,https://img.xinxinapp.net/community/imgs/20190918/b28e569121ab7e2d88ce7aedb4ba9966_396x396.jpeg?imageView2/0/w/600/h/600/interlace/1%7cimageMogr2/format/jpg,DIOR/迪奥 5色眼影 #767/Inflame,438,xinxin://www.xinxinapp.cn?route=goodsDetail&id=7LZ7&goods_id=Lp8&flag=2#%7B%22from%22%3A%22tradeGoodsList%22%2C%22block%22%3A%22feed%22%2C%22from_url_id%22%3A%22%22%7D,7LZ7,0.0
3,3,3,vbD,https://img.xinxinapp.net/community/imgs/20190612/43f80e23d89d0dffda65159bd9d21ed0_750x750.jpeg?imageView2/0/w/600/h/600/interlace/1%7cimageMogr2/format/jpg,CHANEL/香奈儿 四色眼影 #268（限量）,419,xinxin://www.xinxinapp.cn?route=goodsDetail&id=Lo68&goods_id=vbD&flag=2#%7B%22from%22%3A%22tradeGoodsList%22%2C%22block%22%3A%22feed%22%2C%22from_url_id%22%3A%22%22%7D,Lo68,12.0
4,4,4,vbD,https://img.xinxinapp.net/community/imgs/20190612/4ef386b1d3ba04ee57c13031d3c21c41_750x750.jpeg?imageView2/0/w/600/h/600/interlace/1%7cimageMogr2/format/jpg,CHANEL/香奈儿 四色眼影 #204,419,xinxin://www.xinxinapp.cn?route=goodsDetail&id=eEe6&goods_id=vbD&flag=2#%7B%22from%22%3A%22tradeGoodsList%22%2C%22block%22%3A%22feed%22%2C%22from_url_id%22%3A%22%22%7D,eEe6,12.0
5,5,5,vbD,https://img.xinxinapp.net/community/imgs/20190612/f7a51642a39f6ef2b8d1ed0f609f25af_750x750.jpeg?imageView2/0/w/600/h/600/interlace/1%7cimageMogr2/format/jpg,CHANEL/香奈儿 四色眼影 #228,419,xinxin://www.xinxinapp.cn?route=goodsDetail&id=gL9L&goods_id=vbD&flag=2#%7B%22from%22%3A%22tradeGoodsList%22%2C%22block%22%3A%22feed%22%2C%22from_url_id%22%3A%22%22%7D,gL9L,12.0
6,6,6,vbD,https://img.xinxinapp.net/community/imgs/20190611/4e59a824fd19899450d10c50e590033a_750x750.jpeg?imageView2/0/w/600/h/600/interlace/1%7cimageMogr2/format/jpg,CHANEL/香奈儿 四色眼影 #308,436,xinxin://www.xinxinapp.cn?route=goodsDetail&id=b22O&goods_id=vbD&flag=2#%7B%22from%22%3A%22tradeGoodsList%22%2C%22block%22%3A%22feed%22%2C%22from_url_id%22%3A%22%22%7D,b22O,12.0
7,7,7,vAwL,https://img.xinxinapp.net/community/imgs/20191114/3d441ef5b8fb3eb6a425be4b10185986_370x370.jpeg?imageView2/0/w/600/h/600/interlace/1%7cimageMogr2/format/jpg,MAC/魅可 迷幻眼影2019圣诞限量 Stars Align,209,xinxin://www.xinxinapp.cn?route=goodsDetail&id=pr1v&goods_id=vAwL&flag=2#%7B%22from%22%3A%22tradeGoodsList%22%2C%22block%22%3A%22feed%22%2C%22from_url_id%22%3A%22%22%7D,pr1v,0.0
8,8,8,p3aX,https://img.xinxinapp.net/community/imgs/20191115/9924fd96aa19101fee046823e81de429_1213x1213.jpeg?imageView2/0/w/600/h/600/interlace/1%7cimageMogr2/format/jpg,NARS 限量深邃眼彩盘 Palette,431,xinxin://www.xinxinapp.cn?route=goodsDetail&id=lRJr&goods_id=p3aX&flag=2#%7B%22from%22%3A%22tradeGoodsList%22%2C%22block%22%3A%22feed%22%2C%22from_url_id%22%3A%22%22%7D,lRJr,0.0
9,9,9,vAwL,https://img.xinxinapp.net/community/imgs/20191114/a2f8c39f56e12c7344e2bcf0c1bc7e54_366x367.jpeg?imageView2/0/w/600/h/600/interlace/1%7cimageMogr2/format/jpg,MAC/魅可 迷幻眼影2019圣诞限量 Swing On a Star,209,xinxin://www.xinxinapp.cn?route=goodsDetail&id=YPVO&goods_id=vAwL&flag=2#%7B%22from%22%3A%22tradeGoodsList%22%2C%22block%22%3A%22feed%22%2C%22from_url_id%22%3A%22%22%7D,YPVO,0.0
10,10,10,vAwL,https://img.xinxinapp.net/community/imgs/20191114/20b7c1e3566eef282206eef8d2ddd8ed_322x322.jpeg?imageView2/0/w/600/h/600/interlace/1%7cimageMogr2/format/jpg,MAC/魅可 迷幻眼影2019圣诞限量 Staurs To The Stars,209,xinxin://www.xinxinapp.cn?route=goodsDetail&id=6e27&goods_id=vAwL&flag=2#%7B%22from%22%3A%22tradeGoodsList%22%2C%22block%22%3A%22feed%22%2C%22from_url_id%22%3A%22%22%7D,6e27,0.0
11,11,11,0gB,https://img.xinxinapp.net/community/imgs/20191113/9f2935db6ffd1d33a9210302b33d20ea_570x570.jpeg?imageView2/0/w/600/h/600/interlace/1%7cimageMogr2/format/jpg,NARS 12色眼影1.4g*12 IGNITED 19圣诞限量,463,xinxin://www.xinxinapp.cn?route=goodsDetail&id=6e3V&goods_id=0gB&flag=2#%7B%22from%22%3A%22tradeGoodsList%22%2C%22block%22%3A%22feed%22%2C%22from_url_id%22%3A%22%22%7D,6e3V,0.0
12,12,12,vAwL,https://img.xinxinapp.net/community/imgs/20191114/b734b60135900adecaf50f652ccf438f_369x369.jpeg?imageView2/0/w/600/h/600/interlace/1%7cimageMogr2/format/jpg,MAC/魅可 迷幻眼影2019圣诞限量 Wishful Thinking,209,xinxin://www.xinxinapp.cn?route=goodsDetail&id=Q2we&goods_id=vAwL&flag=2#%7B%22from%22%3A%22tradeGoodsList%22%2C%22block%22%3A%22feed%22%2C%22from_url_id%22%3A%22%22%7D,Q2we,0.0
13,13,13,81q,https://img.xinxinapp.net/community/imgs/20190612/58035bb68dd2c265be725bf6de45d922_750x750.jpeg?imageView2/0/w/600/h/600/interlace/1%7cimageMogr2/format/jpg,NYX 16色眼影0.83g Warm Neutrals,116,xinxin://www.xinxinapp.cn?route=goodsDetail&id=X8YD&goods_id=81q&flag=2#%7B%22from%22%3A%22tradeGoodsList%22%2C%22block%22%3A%22feed%22%2C%22from_url_id%22%3A%22%22%7D,X8YD,68.0
14,14,14,xKK,https://img.xinxinapp.net/community/imgs/20190617/43eb99f274fecf8b00acd3f68c8708a5_750x750.jpeg?imageView2/0/w/600/h/600/interlace/1%7cimageMogr2/format/jpg,TOM FORD/汤姆福特TF 四色眼影6g/10g #20/Disco Dust,427,xinxin://www.xinxinapp.cn?route=goodsDetail&id=662b&goods_id=xKK&flag=2#%7B%22from%22%3A%22tradeGoodsList%22%2C%22block%22%3A%22feed%22%2C%22from_url_id%22%3A%22%22%7D,662b,90.0
15,15,15,PdX,https://img.xinxinapp.net/community/imgs/20190612/3ff2685c385988116c41517a7f06adfe_750x750.jpeg?imageView2/0/w/600/h/600/interlace/1%7cimageMogr2/format/jpg,URBAN DECAY 眼影盘全系列 Heat,270,xinxin://www.xinxinapp.cn?route=goodsDetail&id=bdYg&goods_id=PdX&flag=2#%7B%22from%22%3A%22tradeGoodsList%22%2C%22block%22%3A%22feed%22%2C%22from_url_id%22%3A%22%22%7D,bdYg,97.0
16,16,16,xKK,https://img.xinxinapp.net/community/imgs/20190617/b5845c3f7d7928e3e7d101e7e5445003_750x750.jpeg?imageView2/0/w/600/h/600/interlace/1%7cimageMogr2/format/jpg,TOM FORD/汤姆福特TF 四色眼影6g/10g #04/Honey Moon(干湿两用),390,xinxin://www.xinxinapp.cn?route=goodsDetail&id=p01o&goods_id=xKK&flag=2#%7B%22from%22%3A%22tradeGoodsList%22%2C%22block%22%3A%22feed%22%2C%22from_url_id%22%3A%22%22%7D,p01o,90.0
17,17,17,Ba8,https://img.xinxinapp.net/community/imgs/20190617/f80616106c013566be4b0057a1b243b6_750x750.jpeg?imageView2/0/w/600/h/600/interlace/1%7cimageMogr2/format/jpg,3CE 九色九宫格眼影盘8.1g Overtake,207,xinxin://www.xinxinapp.cn?route=goodsDetail&id=2yNd&goods_id=Ba8&flag=2#%7B%22from%22%3A%22tradeGoodsList%22%2C%22block%22%3A%22feed%22%2C%22from_url_id%22%3A%22%22%7D,2yNd,22.0
18,18,18,oA1,https://img.xinxinapp.net/community/imgs/20190612/677bd953fcc462d95df66078f57de89c_750x750.jpeg?imageView2/0/w/600/h/600/interlace/1%7cimageMogr2/format/jpg,NARS 双色眼影2.2g Kuala Lumpur,180,xinxin://www.xinxinapp.cn?route=goodsDetail&id=5rrk&goods_id=oA1&flag=2#%7B%22from%22%3A%22tradeGoodsList%22%2C%22block%22%3A%22feed%22%2C%22from_url_id%22%3A%22%22%7D,5rrk,14.0
19,19,19,Pl6,https://img.xinxinapp.net/community/imgs/20190903/d6739878af95ed62c691b8d91a0abafa_500x500.jpeg?imageView2/0/w/600/h/600/interlace/1%7cimageMogr2/format/jpg,MAC/魅可 单色眼影（焦点眼影）1.5g SOBA (丝缎),148,xinxin://www.xinxinapp.cn?route=goodsDetail&id=Y22w&goods_id=Pl6&flag=2#%7B%22from%22%3A%22tradeGoodsList%22%2C%22block%22%3A%22feed%22%2C%22from_url_id%22%3A%22%22%7D,Y22w,35.0
20,20,20,vgB,https://img.xinxinapp.net/community/imgs/20190611/042f776115206ff86fc2f4ae0eff0233_1045x1045.jpeg?imageView2/0/w/600/h/600/interlace/1%7cimageMogr2/format/jpg,CHARLOTTE  TILBURY 奢彩四色眼影盘5.2g Pillow Talk,347,xinxin://www.xinxinapp.cn?route=goodsDetail&id=vZZ0&goods_id=vgB&flag=2#%7B%22from%22%3A%22tradeGoodsList%22%2C%22block%22%3A%22feed%22%2C%22from_url_id%22%3A%22%22%7D,vZZ0,4.0
21,21,21,5qn,https://img.xinxinapp.net/community/imgs/20190703/c8bfd1c7968e22d022bc6459056cd59c_750x750.jpeg?imageView2/0/w/600/h/600/interlace/1%7cimageMogr2/format/jpg,COLOURPOP/卡拉泡泡 12色眼影盘 Give It To Me Straight,134,xinxin://www.xinxinapp.cn?route=goodsDetail&id=RNVl&goods_id=5qn&flag=2#%7B%22from%22%3A%22tradeGoodsList%22%2C%22block%22%3A%22feed%22%2C%22from_url_id%22%3A%22%22%7D,RNVl,29.0
22,22,22,5qn,https://img.xinxinapp.net/community/imgs/20190703/591b2d483bd83941db885e4c681f16bc_750x750.jpeg?imageView2/0/w/600/h/600/interlace/1%7cimageMogr2/format/jpg,"COLOURPOP/卡拉泡泡 12色眼影盘 Yes,Please!",134,xinxin://www.xinxinapp.cn?route=goodsDetail&id=NyzN&goods_id=5qn&flag=2#%7B%22from%22%3A%22tradeGoodsList%22%2C%22block%22%3A%22feed%22%2C%22from_url_id%22%3A%22%22%7D,NyzN,29.0
23,23,23,7QX,https://img.xinxinapp.net/community/imgs/20191121/224c8160e36284dcd01acec5ee584776_780x780.jpeg?imageView2/0/w/600/h/600/interlace/1%7cimageMogr2/format/jpg,HUDA BEAUTY  Desert Dusk 新沙漠黄昏眼影盘18色 Palette,428,xinxin://www.xinxinapp.cn?route=goodsDetail&id=K1Qa&goods_id=7QX&flag=2#%7B%22from%22%3A%22tradeGoodsList%22%2C%22block%22%3A%22feed%22%2C%22from_url_id%22%3A%22%22%7D,K1Qa,0.0
24,24,24,xKK,https://img.xinxinapp.net/community/imgs/20190617/1b075f8aba25d34ef96b6efcddb8f8b9_750x750.jpeg?imageView2/0/w/600/h/600/interlace/1%7cimageMogr2/format/jpg,TOM FORD/汤姆福特TF 四色眼影6g/10g #12/Seductive Rose,520,xinxin://www.xinxinapp.cn?route=goodsDetail&id=glkN&goods_id=xKK&flag=2#%7B%22from%22%3A%22tradeGoodsList%22%2C%22block%22%3A%22feed%22%2C%22from_url_id%22%3A%22%22%7D,glkN,90.0
25,25,25,PdX,https://img.xinxinapp.net/community/imgs/20190612/846f1cd8e0a537648f51a6546cccbe80_750x750.jpeg?imageView2/0/w/600/h/600/interlace/1%7cimageMogr2/format/jpg,URBAN DECAY 眼影盘全系列 Heat Mini,168,xinxin://www.xinxinapp.cn?route=goodsDetail&id=5XxY&goods_id=PdX&flag=2#%7B%22from%22%3A%22tradeGoodsList%22%2C%22block%22%3A%22feed%22%2C%22from_url_id%22%3A%22%22%7D,5XxY,97.0
26,26,26,oA1,https://img.xinxinapp.net/community/imgs/20190612/bab88074f57e1a56c68982383890e82a_750x750.jpeg?imageView2/0/w/600/h/600/interlace/1%7cimageMogr2/format/jpg,NARS 双色眼影2.2g St-Paul-De-Vence,175,xinxin://www.xinxinapp.cn?route=goodsDetail&id=vaaL&goods_id=oA1&flag=2#%7B%22from%22%3A%22tradeGoodsList%22%2C%22block%22%3A%22feed%22%2C%22from_url_id%22%3A%22%22%7D,vaaL,14.0
27,27,27,PdX,https://img.xinxinapp.net/community/imgs/20190612/6f8cc566b36116176062f72e245505f9_750x750.jpeg?imageView2/0/w/600/h/600/interlace/1%7cimageMogr2/format/jpg,URBAN DECAY 眼影盘全系列  21色眼影盘,218,xinxin://www.xinxinapp.cn?route=goodsDetail&id=olB2&goods_id=PdX&flag=2#%7B%22from%22%3A%22tradeGoodsList%22%2C%22block%22%3A%22feed%22%2C%22from_url_id%22%3A%22%22%7D,olB2,97.0
28,28,28,vgB,https://img.xinxinapp.net/community/imgs/20190611/b6864aa0437b8b586d1d137574ffd399_882x882.jpeg?imageView2/0/w/600/h/600/interlace/1%7cimageMogr2/format/jpg,CHARLOTTE  TILBURY 奢彩四色眼影盘5.2g Exagger Eyes,365,xinxin://www.xinxinapp.cn?route=goodsDetail&id=7QQD&goods_id=vgB&flag=2#%7B%22from%22%3A%22tradeGoodsList%22%2C%22block%22%3A%22feed%22%2C%22from_url_id%22%3A%22%22%7D,7QQD,4.0
29,29,29,PdX,https://img.xinxinapp.net/community/imgs/20191024/a9e9955ca56679b288acc3271820641c_750x750.jpeg?imageView2/0/w/600/h/600/interlace/1%7cimageMogr2/format/jpg,URBAN DECAY 眼影盘全系列 Naked Reloaded,248,xinxin://www.xinxinapp.cn?route=goodsDetail&id=1dvw&goods_id=PdX&flag=2#%7B%22from%22%3A%22tradeGoodsList%22%2C%22block%22%3A%22feed%22%2C%22from_url_id%22%3A%22%22%7D,1dvw,97.0
30,30,30,5qn,https://img.xinxinapp.net/community/imgs/20190703/168be8be216c9903f59fd1155a21efb0_750x750.jpeg?imageView2/0/w/600/h/600/interlace/1%7cimageMogr2/format/jpg,COLOURPOP/卡拉泡泡 12色眼影盘 Sweet Talk热卖,165,xinxin://www.xinxinapp.cn?route=goodsDetail&id=zqeJ&goods_id=5qn&flag=2#%7B%22from%22%3A%22tradeGoodsList%22%2C%22block%22%3A%22feed%22%2C%22from_url_id%22%3A%22%22%7D,zqeJ,29.0
31,31,31,Lp8,https://img.xinxinapp.net/community/imgs/20190918/5e67369002ed45641ccb86f1466f2366_396x396.jpeg?imageView2/0/w/600/h/600/interlace/1%7cimageMogr2/format/jpg,DIOR/迪奥 5色眼影 #567/Adore,475,xinxin://www.xinxinapp.cn?route=goodsDetail&id=wYa9&goods_id=Lp8&flag=2#%7B%22from%22%3A%22tradeGoodsList%22%2C%22block%22%3A%22feed%22%2C%22from_url_id%22%3A%22%22%7D,wYa9,0.0
32,32,32,xKK,https://img.xinxinapp.net/community/imgs/20190808/5e55405693b4e8e6a96c1ad776fba5a3_750x750.jpeg?imageView2/0/w/600/h/600/interlace/1%7cimageMogr2/format/jpg,TOM FORD/汤姆福特TF 四色眼影6g/10g #26/Leopard Sun（新色）,390,xinxin://www.xinxinapp.cn?route=goodsDetail&id=yQxL&goods_id=xKK&flag=2#%7B%22from%22%3A%22tradeGoodsList%22%2C%22block%22%3A%22feed%22%2C%22from_url_id%22%3A%22%22%7D,yQxL,90.0
33,33,33,Ba8,https://img.xinxinapp.net/community/imgs/20190730/18088f855b9642fedf2731b605a81128_750x750.jpeg?imageView2/0/w/600/h/600/interlace/1%7cimageMogr2/format/jpg,3CE 九色九宫格眼影盘8.1g #Beach Muse/新色蜜桃盘,196,xinxin://www.xinxinapp.cn?route=goodsDetail&id=0GDg&goods_id=Ba8&flag=2#%7B%22from%22%3A%22tradeGoodsList%22%2C%22block%22%3A%22feed%22%2C%22from_url_id%22%3A%22%22%7D,0GDg,22.0
34,34,34,Jarq,https://img.xinxinapp.net/community/imgs/20191105/52d8d21e0ea069729c47fe69d59de23a_800x800.png?imageView2/0/w/600/h/600/interlace/1%7cimageMogr2/format/jpg,完美日记 十二色动物眼影 小熊猫,102,xinxin://www.xinxinapp.cn?route=goodsDetail&id=kYNy&goods_id=Jarq&flag=2#%7B%22from%22%3A%22tradeGoodsList%22%2C%22block%22%3A%22feed%22%2C%22from_url_id%22%3A%22%22%7D,kYNy,0.0
35,35,35,5qn,https://img.xinxinapp.net/community/imgs/20190704/67e9a488187093b192492a1b44e24b4a_750x750.jpeg?imageView2/0/w/600/h/600/interlace/1%7cimageMogr2/format/jpg,COLOURPOP/卡拉泡泡 12色眼影盘 California Love,210,xinxin://www.xinxinapp.cn?route=goodsDetail&id=PNdx&goods_id=5qn&flag=2#%7B%22from%22%3A%22tradeGoodsList%22%2C%22block%22%3A%22feed%22%2C%22from_url_id%22%3A%22%22%7D,PNdx,29.0
36,36,36,5qn,https://img.xinxinapp.net/community/imgs/20190703/2b044a381fbd926e4fb6da4e625a55e7_750x750.jpeg?imageView2/0/w/600/h/600/interlace/1%7cimageMogr2/format/jpg,COLOURPOP/卡拉泡泡 12色眼影盘 She,147,xinxin://www.xinxinapp.cn?route=goodsDetail&id=DzLd&goods_id=5qn&flag=2#%7B%22from%22%3A%22tradeGoodsList%22%2C%22block%22%3A%22feed%22%2C%22from_url_id%22%3A%22%22%7D,DzLd,29.0
37,37,37,Lp8,https://img.xinxinapp.net/community/imgs/20190918/589403fcaa2f2b94e4fbecbd776a20d5_396x396.jpeg?imageView2/0/w/600/h/600/interlace/1%7cimageMogr2/format/jpg,DIOR/迪奥 5色眼影 #657/Expose,480,xinxin://www.xinxinapp.cn?route=goodsDetail&id=0G09&goods_id=Lp8&flag=2#%7B%22from%22%3A%22tradeGoodsList%22%2C%22block%22%3A%22feed%22%2C%22from_url_id%22%3A%22%22%7D,0G09,0.0
38,38,38,xKK,https://img.xinxinapp.net/community/imgs/20190617/d3248c20f47a4114fc81e0fb15fb9c66_750x750.jpeg?imageView2/0/w/600/h/600/interlace/1%7cimageMogr2/format/jpg,TOM FORD/汤姆福特TF 四色眼影6g/10g #01/Golden Mink,399,xinxin://www.xinxinapp.cn?route=goodsDetail&id=XqvJ&goods_id=xKK&flag=2#%7B%22from%22%3A%22tradeGoodsList%22%2C%22block%22%3A%22feed%22%2C%22from_url_id%22%3A%22%22%7D,XqvJ,90.0
39,39,39,vgB,https://img.xinxinapp.net/community/imgs/20190611/9ce8b2ab8e66e7a312d8f94f60fc9e82_1053x1053.jpeg?imageView2/0/w/600/h/600/interlace/1%7cimageMogr2/format/jpg,CHARLOTTE  TILBURY 奢彩四色眼影盘5.2g The Vintage Vamp,348,xinxin://www.xinxinapp.cn?route=goodsDetail&id=222v&goods_id=vgB&flag=2#%7B%22from%22%3A%22tradeGoodsList%22%2C%22block%22%3A%22feed%22%2C%22from_url_id%22%3A%22%22%7D,222v,4.0
40,40,40,Jarq,https://img.xinxinapp.net/community/imgs/20191105/597284c900a8f7afef84c77dd685d25a_800x800.png?imageView2/0/w/600/h/600/interlace/1%7cimageMogr2/format/jpg,完美日记 十二色动物眼影 斑虎,100,xinxin://www.xinxinapp.cn?route=goodsDetail&id=rwYk&goods_id=Jarq&flag=2#%7B%22from%22%3A%22tradeGoodsList%22%2C%22block%22%3A%22feed%22%2C%22from_url_id%22%3A%22%22%7D,rwYk,0.0
41,41,41,Z86,https://img.xinxinapp.net/community/imgs/20190621/cca2ff983e5038ed411fcb30edd7c51b_750x750.jpeg?imageView2/0/w/600/h/600/interlace/1%7cimageMogr2/format/jpg,ANASTASIA 文艺复兴14色眼影盘 Modern Renaissance,239,xinxin://www.xinxinapp.cn?route=goodsDetail&id=8Ro0&goods_id=Z86&flag=2#%7B%22from%22%3A%22tradeGoodsList%22%2C%22block%22%3A%22feed%22%2C%22from_url_id%22%3A%22%22%7D,8Ro0,0.0
42,42,42,Jarq,https://img.xinxinapp.net/community/imgs/20191105/aba41dc1f3e5cdc2accb0f9ae6a6ef4b_800x800.png?imageView2/0/w/600/h/600/interlace/1%7cimageMogr2/format/jpg,完美日记 十二色动物眼影 小猪,102,xinxin://www.xinxinapp.cn?route=goodsDetail&id=K1V6&goods_id=Jarq&flag=2#%7B%22from%22%3A%22tradeGoodsList%22%2C%22block%22%3A%22feed%22%2C%22from_url_id%22%3A%22%22%7D,K1V6,0.0
43,43,43,PdX,https://img.xinxinapp.net/community/imgs/20190613/28a24cf8319f92cb003d3aa2b5f0427c_750x750.jpeg?imageView2/0/w/600/h/600/interlace/1%7cimageMogr2/format/jpg,URBAN DECAY 眼影盘全系列 Naked 3,227,xinxin://www.xinxinapp.cn?route=goodsDetail&id=7k6O&goods_id=PdX&flag=2#%7B%22from%22%3A%22tradeGoodsList%22%2C%22block%22%3A%22feed%22%2C%22from_url_id%22%3A%22%22%7D,7k6O,97.0
44,44,44,Z86,https://img.xinxinapp.net/community/imgs/20190621/4096bcfb1b58c757a2f4ed918a039c83_750x750.jpeg?imageView2/0/w/600/h/600/interlace/1%7cimageMogr2/format/jpg,ANASTASIA 文艺复兴14色眼影盘 Soft Glam,270,xinxin://www.xinxinapp.cn?route=goodsDetail&id=01NR&goods_id=Z86&flag=2#%7B%22from%22%3A%22tradeGoodsList%22%2C%22block%22%3A%22feed%22%2C%22from_url_id%22%3A%22%22%7D,01NR,0.0
45,45,45,PdX,https://img.xinxinapp.net/community/imgs/20190612/ea88f7c9f385bf1a11550d129cfc969f_750x750.jpeg?imageView2/0/w/600/h/600/interlace/1%7cimageMogr2/format/jpg,URBAN DECAY 眼影盘全系列 Cherry,309,xinxin://www.xinxinapp.cn?route=goodsDetail&id=wdOV&goods_id=PdX&flag=2#%7B%22from%22%3A%22tradeGoodsList%22%2C%22block%22%3A%22feed%22%2C%22from_url_id%22%3A%22%22%7D,wdOV,97.0
46,46,46,0gB,https://img.xinxinapp.net/community/imgs/20191113/be1ac9e1da5e41a7423992b02630512b_594x594.jpeg?imageView2/0/w/600/h/600/interlace/1%7cimageMogr2/format/jpg,NARS 12色眼影1.4g*12 IGNITED,459,xinxin://www.xinxinapp.cn?route=goodsDetail&id=b6OE&goods_id=0gB&flag=2#%7B%22from%22%3A%22tradeGoodsList%22%2C%22block%22%3A%22feed%22%2C%22from_url_id%22%3A%22%22%7D,b6OE,0.0
47,47,47,7QX,https://img.xinxinapp.net/community/imgs/20190612/929b3480dba82e60b342f97ccf87ba04_750x750.jpeg?imageView2/0/w/600/h/600/interlace/1%7cimageMogr2/format/jpg,HUDA BEAUTY  Desert Dusk 新沙漠黄昏眼影盘18色  Desert Dusk,356,xinxin://www.xinxinapp.cn?route=goodsDetail&id=pdxq&goods_id=7QX&flag=2#%7B%22from%22%3A%22tradeGoodsList%22%2C%22block%22%3A%22feed%22%2C%22from_url_id%22%3A%22%22%7D,pdxq,0.0
48,48,48,Jarq,https://img.xinxinapp.net/community/imgs/20191105/ee160494cd29eed222b94c33778d3eca_800x800.png?imageView2/0/w/600/h/600/interlace/1%7cimageMogr2/format/jpg,完美日记 十二色动物眼影 大熊猫,102,xinxin://www.xinxinapp.cn?route=goodsDetail&id=Aark&goods_id=Jarq&flag=2#%7B%22from%22%3A%22tradeGoodsList%22%2C%22block%22%3A%22feed%22%2C%22from_url_id%22%3A%22%22%7D,Aark,0.0
49,49,49,5qn,https://img.xinxinapp.net/community/imgs/20190704/9f56968027a9351861f9b8e0fe98eb54_750x750.jpeg?imageView2/0/w/600/h/600/interlace/1%7cimageMogr2/format/jpg,COLOURPOP/卡拉泡泡 12色眼影盘 The Zodiac,148,xinxin://www.xinxinapp.cn?route=goodsDetail&id=vOZy&goods_id=5qn&flag=2#%7B%22from%22%3A%22tradeGoodsList%22%2C%22block%22%3A%22feed%22%2C%22from_url_id%22%3A%22%22%7D,vOZy,29.0
50,50,50,PdX,https://img.xinxinapp.net/community/imgs/20190612/2c768a518069e37a59cefb26e4896507_750x750.jpeg?imageView2/0/w/600/h/600/interlace/1%7cimageMogr2/format/jpg,URBAN DECAY 眼影盘全系列 Naked 1,250,xinxin://www.xinxinapp.cn?route=goodsDetail&id=8XRZ&goods_id=PdX&flag=2#%7B%22from%22%3A%22tradeGoodsList%22%2C%22block%22%3A%22feed%22%2C%22from_url_id%22%3A%22%22%7D,8XRZ,97.0
51,51,51,5qn,https://img.xinxinapp.net/community/imgs/20190703/5d129b596505be06a8c747088b529b3a_750x750.jpeg?imageView2/0/w/600/h/600/interlace/1%7cimageMogr2/format/jpg,COLOURPOP/卡拉泡泡 12色眼影盘 Dream St.,168,xinxin://www.xinxinapp.cn?route=goodsDetail&id=EG1n&goods_id=5qn&flag=2#%7B%22from%22%3A%22tradeGoodsList%22%2C%22block%22%3A%22feed%22%2C%22from_url_id%22%3A%22%22%7D,EG1n,29.0
52,52,52,5qn,https://img.xinxinapp.net/community/imgs/20190704/0a2105e17d63b042576c115736d796f6_750x750.jpeg?imageView2/0/w/600/h/600/interlace/1%7cimageMogr2/format/jpg,COLOURPOP/卡拉泡泡 12色眼影盘 Good Sport,148,xinxin://www.xinxinapp.cn?route=goodsDetail&id=2L2Y&goods_id=5qn&flag=2#%7B%22from%22%3A%22tradeGoodsList%22%2C%22block%22%3A%22feed%22%2C%22from_url_id%22%3A%22%22%7D,2L2Y,29.0
53,53,53,5qn,https://img.xinxinapp.net/community/imgs/20190703/f69c01fe9fced2e37c8282cab36a36b4_750x750.jpeg?imageView2/0/w/600/h/600/interlace/1%7cimageMogr2/format/jpg,COLOURPOP/卡拉泡泡 12色眼影盘 You Had Me At Hello,169,xinxin://www.xinxinapp.cn?route=goodsDetail&id=dVZJ&goods_id=5qn&flag=2#%7B%22from%22%3A%22tradeGoodsList%22%2C%22block%22%3A%22feed%22%2C%22from_url_id%22%3A%22%22%7D,dVZJ,29.0
54,54,54,Ba8,https://img.xinxinapp.net/community/imgs/20190612/70f948c9326257af41b08f8182834957_750x750.jpeg?imageView2/0/w/600/h/600/interlace/1%7cimageMogr2/format/jpg,3CE 九色九宫格眼影盘8.1g Plot Twist,200,xinxin://www.xinxinapp.cn?route=goodsDetail&id=ol82&goods_id=Ba8&flag=2#%7B%22from%22%3A%22tradeGoodsList%22%2C%22block%22%3A%22feed%22%2C%22from_url_id%22%3A%22%22%7D,ol82,22.0
55,55,55,PdX,https://img.xinxinapp.net/community/imgs/20190719/963ea9cb3c0c93ff93b51bd71e639ad4_750x750.jpeg?imageView2/0/w/600/h/600/interlace/1%7cimageMogr2/format/jpg,URBAN DECAY 眼影盘全系列 Naked 4,239,xinxin://www.xinxinapp.cn?route=goodsDetail&id=xY31&goods_id=PdX&flag=2#%7B%22from%22%3A%22tradeGoodsList%22%2C%22block%22%3A%22feed%22%2C%22from_url_id%22%3A%22%22%7D,xY31,97.0
56,56,56,vbD,https://img.xinxinapp.net/community/imgs/20190612/4f50106ccf62fd705c52fa82fee66620_750x750.jpeg?imageView2/0/w/600/h/600/interlace/1%7cimageMogr2/format/jpg,CHANEL/香奈儿 四色眼影 #306,328,xinxin://www.xinxinapp.cn?route=goodsDetail&id=Egx1&goods_id=vbD&flag=2#%7B%22from%22%3A%22tradeGoodsList%22%2C%22block%22%3A%22feed%22%2C%22from_url_id%22%3A%22%22%7D,Egx1,12.0
57,57,57,vbD,https://img.xinxinapp.net/community/imgs/20190611/b590d554de33af149958a3691f8d3b8c_750x750.jpeg?imageView2/0/w/600/h/600/interlace/1%7cimageMogr2/format/jpg,CHANEL/香奈儿 四色眼影 #312,--,xinxin://www.xinxinapp.cn?route=goodsDetail&id=Pddy&goods_id=vbD&flag=2#%7B%22from%22%3A%22tradeGoodsList%22%2C%22block%22%3A%22feed%22%2C%22from_url_id%22%3A%22%22%7D,Pddy,12.0
58,58,58,n1m,https://img.xinxinapp.net/community/imgs/20190610/d4ab366d9426f75d9fbf3a5c44f3c116_750x750.jpeg?imageView2/0/w/600/h/600/interlace/1%7cimageMogr2/format/jpg,GIVENCHY/纪梵希 高定魅彩四色眼影4*1g #07/玩味卡其,--,xinxin://www.xinxinapp.cn?route=goodsDetail&id=DgZD&goods_id=n1m&flag=2#%7B%22from%22%3A%22tradeGoodsList%22%2C%22block%22%3A%22feed%22%2C%22from_url_id%22%3A%22%22%7D,DgZD,0.0
59,59,59,n1m,https://img.xinxinapp.net/community/imgs/20190610/74da37452c21d7074b531b3b77c25ee7_750x750.jpeg?imageView2/0/w/600/h/600/interlace/1%7cimageMogr2/format/jpg,GIVENCHY/纪梵希 高定魅彩四色眼影4*1g #02/蓝海泡沫,--,xinxin://www.xinxinapp.cn?route=goodsDetail&id=xzQ1&goods_id=n1m&flag=2#%7B%22from%22%3A%22tradeGoodsList%22%2C%22block%22%3A%22feed%22%2C%22from_url_id%22%3A%22%22%7D,xzQ1,0.0
60,60,60,Pl6,https://img.xinxinapp.net/community/imgs/20190903/96b0c6b1ba30d27b098185a57fe4a284_500x500.jpeg?imageView2/0/w/600/h/600/interlace/1%7cimageMogr2/format/jpg,MAC/魅可 单色眼影（焦点眼影）1.5g WEDGE (哑光),--,xinxin://www.xinxinapp.cn?route=goodsDetail&id=6LLK&goods_id=Pl6&flag=2#%7B%22from%22%3A%22tradeGoodsList%22%2C%22block%22%3A%22feed%22%2C%22from_url_id%22%3A%22%22%7D,6LLK,35.0
61,61,61,Pl6,https://img.xinxinapp.net/community/imgs/20190903/d8d515d1a86c7fc498e12ba1be0827c1_600x600.jpeg?imageView2/0/w/600/h/600/interlace/1%7cimageMogr2/format/jpg,MAC/魅可 单色眼影（焦点眼影）1.5g PARADISCO (冰霜),--,xinxin://www.xinxinapp.cn?route=goodsDetail&id=QDD1&goods_id=Pl6&flag=2#%7B%22from%22%3A%22tradeGoodsList%22%2C%22block%22%3A%22feed%22%2C%22from_url_id%22%3A%22%22%7D,QDD1,35.0
62,62,62,vbD,https://img.xinxinapp.net/community/imgs/20190612/d3f8526091b09e6719fdd39bfa2d2741_750x750.jpeg?imageView2/0/w/600/h/600/interlace/1%7cimageMogr2/format/jpg,CHANEL/香奈儿 四色眼影 #226,--,xinxin://www.xinxinapp.cn?route=goodsDetail&id=d1xo&goods_id=vbD&flag=2#%7B%22from%22%3A%22tradeGoodsList%22%2C%22block%22%3A%22feed%22%2C%22from_url_id%22%3A%22%22%7D,d1xo,12.0
63,63,63,n1m,https://img.xinxinapp.net/community/imgs/20190606/0aa2583bfbde5e0b9460ccab665e057a_750x750.jpeg?imageView2/0/w/600/h/600/interlace/1%7cimageMogr2/format/jpg,GIVENCHY/纪梵希 高定魅彩四色眼影4*1g #01/亲密玫瑰,--,xinxin://www.xinxinapp.cn?route=goodsDetail&id=V9P&goods_id=n1m&flag=2#%7B%22from%22%3A%22tradeGoodsList%22%2C%22block%22%3A%22feed%22%2C%22from_url_id%22%3A%22%22%7D,V9P,0.0
64,64,64,0gB,https://img.xinxinapp.net/community/imgs/20191115/958167182917759546664b6438c7cfc0_890x890.jpeg?imageView2/0/w/600/h/600/interlace/1%7cimageMogr2/format/jpg,NARS 12色眼影1.4g*12 PALETTE,--,xinxin://www.xinxinapp.cn?route=goodsDetail&id=eRJL&goods_id=0gB&flag=2#%7B%22from%22%3A%22tradeGoodsList%22%2C%22block%22%3A%22feed%22%2C%22from_url_id%22%3A%22%22%7D,eRJL,0.0
65,65,65,lgkw,https://img.xinxinapp.net/community/imgs/20191118/1c4988f5acbc69fabda286b5835aa8dd_800x800.jpeg?imageView2/0/w/600/h/600/interlace/1%7cimageMogr2/format/jpg,NARS 迷雾限量眼颊彩妆盘 焦糖奢金,--,xinxin://www.xinxinapp.cn?route=goodsDetail&id=vbyg&goods_id=lgkw&flag=2#%7B%22from%22%3A%22tradeGoodsList%22%2C%22block%22%3A%22feed%22%2C%22from_url_id%22%3A%22%22%7D,vbyg,0.0
66,66,66,lgkw,https://img.xinxinapp.net/community/imgs/20191118/1cb7ef7e1a75a7b0d0c4dbf6777f3408_800x800.jpeg?imageView2/0/w/600/h/600/interlace/1%7cimageMogr2/format/jpg,NARS 迷雾限量眼颊彩妆盘 玫瑰,--,xinxin://www.xinxinapp.cn?route=goodsDetail&id=5ezw&goods_id=lgkw&flag=2#%7B%22from%22%3A%22tradeGoodsList%22%2C%22block%22%3A%22feed%22%2C%22from_url_id%22%3A%22%22%7D,5ezw,0.0
67,67,67,vbD,https://img.xinxinapp.net/community/imgs/20190612/cc576da484d5ab964c0a4d0e9771a3e0_750x750.jpeg?imageView2/0/w/600/h/600/interlace/1%7cimageMogr2/format/jpg,CHANEL/香奈儿 四色眼影 #202,--,xinxin://www.xinxinapp.cn?route=goodsDetail&id=X89l&goods_id=vbD&flag=2#%7B%22from%22%3A%22tradeGoodsList%22%2C%22block%22%3A%22feed%22%2C%22from_url_id%22%3A%22%22%7D,X89l,12.0
68,68,68,Lp8,https://img.xinxinapp.net/community/imgs/20190918/0f60d62585dd304606fc767aac4a3fbd_396x396.jpeg?imageView2/0/w/600/h/600/interlace/1%7cimageMogr2/format/jpg,DIOR/迪奥 5色眼影 #547/Charm,--,xinxin://www.xinxinapp.cn?route=goodsDetail&id=oOEV&goods_id=Lp8&flag=2#%7B%22from%22%3A%22tradeGoodsList%22%2C%22block%22%3A%22feed%22%2C%22from_url_id%22%3A%22%22%7D,oOEV,0.0
69,69,69,5qn,https://img.xinxinapp.net/community/imgs/20190704/1417db32cec09a095b339c70ea8e5f81_750x750.jpeg?imageView2/0/w/600/h/600/interlace/1%7cimageMogr2/format/jpg,COLOURPOP/卡拉泡泡 12色眼影盘 I Think I Love You,--,xinxin://www.xinxinapp.cn?route=goodsDetail&id=Kgz6&goods_id=5qn&flag=2#%7B%22from%22%3A%22tradeGoodsList%22%2C%22block%22%3A%22feed%22%2C%22from_url_id%22%3A%22%22%7D,Kgz6,29.0
70,70,70,oA1,https://img.xinxinapp.net/community/imgs/20190612/7f6b94da11afb6db6a4afc252b8a2e40_750x750.jpeg?imageView2/0/w/600/h/600/interlace/1%7cimageMogr2/format/jpg,NARS 双色眼影2.2g Cordura,--,xinxin://www.xinxinapp.cn?route=goodsDetail&id=V11a&goods_id=oA1&flag=2#%7B%22from%22%3A%22tradeGoodsList%22%2C%22block%22%3A%22feed%22%2C%22from_url_id%22%3A%22%22%7D,V11a,14.0
71,71,71,Ba8,https://img.xinxinapp.net/community/imgs/20190725/71cbbec45b1cf10425660ea34c580d3d_750x750.jpeg?imageView2/0/w/600/h/600/interlace/1%7cimageMogr2/format/jpg,3CE 九色九宫格眼影盘8.1g All Nighter,--,xinxin://www.xinxinapp.cn?route=goodsDetail&id=oO69&goods_id=Ba8&flag=2#%7B%22from%22%3A%22tradeGoodsList%22%2C%22block%22%3A%22feed%22%2C%22from_url_id%22%3A%22%22%7D,oO69,22.0
72,72,72,xKK,https://img.xinxinapp.net/community/imgs/20190617/7c8d0ce5b62923190b4542b54c6ed6f2_750x750.jpeg?imageView2/0/w/600/h/600/interlace/1%7cimageMogr2/format/jpg,TOM FORD/汤姆福特TF 四色眼影6g/10g #03/Nude Dip (干湿两用),--,xinxin://www.xinxinapp.cn?route=goodsDetail&id=Qvwo&goods_id=xKK&flag=2#%7B%22from%22%3A%22tradeGoodsList%22%2C%22block%22%3A%22feed%22%2C%22from_url_id%22%3A%22%22%7D,Qvwo,90.0
73,73,73,PdX,https://img.xinxinapp.net/community/imgs/20190729/140b1e3477fa4bda2fd98bff274f3910_750x750.jpeg?imageView2/0/w/600/h/600/interlace/1%7cimageMogr2/format/jpg,URBAN DECAY 眼影盘全系列 Eye & Face Palette,--,xinxin://www.xinxinapp.cn?route=goodsDetail&id=2Lg8&goods_id=PdX&flag=2#%7B%22from%22%3A%22tradeGoodsList%22%2C%22block%22%3A%22feed%22%2C%22from_url_id%22%3A%22%22%7D,2Lg8,97.0
74,74,74,Ba8,https://img.xinxinapp.net/community/imgs/20190612/f5d44da8b683e92ffa711d54765f0a29_750x750.jpeg?imageView2/0/w/600/h/600/interlace/1%7cimageMogr2/format/jpg,3CE 九色九宫格眼影盘8.1g Smoother,--,xinxin://www.xinxinapp.cn?route=goodsDetail&id=rlbQ&goods_id=Ba8&flag=2#%7B%22from%22%3A%22tradeGoodsList%22%2C%22block%22%3A%22feed%22%2C%22from_url_id%22%3A%22%22%7D,rlbQ,22.0
75,75,75,vZL,https://img.xinxinapp.net/community/imgs/20190621/76f1dba5084a585162df294eb2aec0fd_750x750.jpeg?imageView2/0/w/600/h/600/interlace/1%7cimageMogr2/format/jpg,Too Faced 16色巧克力眼影盘 Shadow Collection,--,xinxin://www.xinxinapp.cn?route=goodsDetail&id=mNKA&goods_id=vZL&flag=2#%7B%22from%22%3A%22tradeGoodsList%22%2C%22block%22%3A%22feed%22%2C%22from_url_id%22%3A%22%22%7D,mNKA,0.0
76,76,76,vZL,https://img.xinxinapp.net/community/imgs/20190621/3ca7ae960c00d87ac26eeb27f7b733f7_750x750.jpeg?imageView2/0/w/600/h/600/interlace/1%7cimageMogr2/format/jpg,Too Faced 16色巧克力眼影盘 Shadow Palette,--,xinxin://www.xinxinapp.cn?route=goodsDetail&id=q3we&goods_id=vZL&flag=2#%7B%22from%22%3A%22tradeGoodsList%22%2C%22block%22%3A%22feed%22%2C%22from_url_id%22%3A%22%22%7D,q3we,0.0
77,77,77,288g,https://img.xinxinapp.net/community/imgs/20191016/3ced76718181c27d1179bdbf6cba93c1_800x800.jpeg?imageView2/0/w/600/h/600/interlace/1%7cimageMogr2/format/jpg,Too Faced 桃子眼影12色 Just Peachy,--,xinxin://www.xinxinapp.cn?route=goodsDetail&id=0Gl7&goods_id=288g&flag=2#%7B%22from%22%3A%22tradeGoodsList%22%2C%22block%22%3A%22feed%22%2C%22from_url_id%22%3A%22%22%7D,0Gl7,0.0
78,78,78,8VGw,https://img.xinxinapp.net/community/imgs/20191106/1c30004a51f049ebc299ea0263f2874b_2000x2000.jpeg?imageView2/0/w/600/h/600/interlace/1%7cimageMogr2/format/jpg,PAT McGRATH 哑光雾面唇膏4g Madame Greige - violet based beige,--,xinxin://www.xinxinapp.cn?route=goodsDetail&id=Lnd3&goods_id=8VGw&flag=2#%7B%22from%22%3A%22tradeGoodsList%22%2C%22block%22%3A%22feed%22%2C%22from_url_id%22%3A%22%22%7D,Lnd3,0.0
79,79,79,8VGw,https://img.xinxinapp.net/community/imgs/20191106/6b4984133dae4173c6c63225b5800924_2000x2000.jpeg?imageView2/0/w/600/h/600/interlace/1%7cimageMogr2/format/jpg,PAT McGRATH 哑光雾面唇膏4g LaBeija - warm peach tone beige,--,xinxin://www.xinxinapp.cn?route=goodsDetail&id=YP2P&goods_id=8VGw&flag=2#%7B%22from%22%3A%22tradeGoodsList%22%2C%22block%22%3A%22feed%22%2C%22from_url_id%22%3A%22%22%7D,YP2P,0.0
80,80,80,8VGw,https://img.xinxinapp.net/community/imgs/20191106/a536a0a86c402ce0bd6660be01e5f24c_2000x2000.jpeg?imageView2/0/w/600/h/600/interlace/1%7cimageMogr2/format/jpg,PAT McGRATH 哑光雾面唇膏4g Valletta - neutral peach,--,xinxin://www.xinxinapp.cn?route=goodsDetail&id=JQOq&goods_id=8VGw&flag=2#%7B%22from%22%3A%22tradeGoodsList%22%2C%22block%22%3A%22feed%22%2C%22from_url_id%22%3A%22%22%7D,JQOq,0.0
81,81,81,8VGw,https://img.xinxinapp.net/community/imgs/20191106/ae49b362bbb8ca0d85b1de37bf0e99e6_2000x2000.jpeg?imageView2/0/w/600/h/600/interlace/1%7cimageMogr2/format/jpg,PAT McGRATH 哑光雾面唇膏4g Attitude - deep brown rose,--,xinxin://www.xinxinapp.cn?route=goodsDetail&id=XbKq&goods_id=8VGw&flag=2#%7B%22from%22%3A%22tradeGoodsList%22%2C%22block%22%3A%22feed%22%2C%22from_url_id%22%3A%22%22%7D,XbKq,0.0
82,82,82,8VGw,https://img.xinxinapp.net/community/imgs/20191106/b050b3fd246d2390a8f5d526a0728674_2000x2000.jpeg?imageView2/0/w/600/h/600/interlace/1%7cimageMogr2/format/jpg,PAT McGRATH 哑光雾面唇膏4g Donatella - beige mauve,--,xinxin://www.xinxinapp.cn?route=goodsDetail&id=6eL1&goods_id=8VGw&flag=2#%7B%22from%22%3A%22tradeGoodsList%22%2C%22block%22%3A%22feed%22%2C%22from_url_id%22%3A%22%22%7D,6eL1,0.0
83,83,83,8VGw,https://img.xinxinapp.net/community/imgs/20191106/f41c4ee11ae0dc26c212101c771aecb0_2000x2000.jpeg?imageView2/0/w/600/h/600/interlace/1%7cimageMogr2/format/jpg,PAT McGRATH 哑光雾面唇膏4g She's Heaven - brown rose,--,xinxin://www.xinxinapp.cn?route=goodsDetail&id=eRZY&goods_id=8VGw&flag=2#%7B%22from%22%3A%22tradeGoodsList%22%2C%22block%22%3A%22feed%22%2C%22from_url_id%22%3A%22%22%7D,eRZY,0.0
84,84,84,8VGw,https://img.xinxinapp.net/community/imgs/20191106/3818c5223aaa6e8f0cf0ff9c5fb6bc86_2000x2000.jpeg?imageView2/0/w/600/h/600/interlace/1%7cimageMogr2/format/jpg,PAT McGRATH 哑光雾面唇膏4g Unfaithful - deep rose nude,--,xinxin://www.xinxinapp.cn?route=goodsDetail&id=gRDD&goods_id=8VGw&flag=2#%7B%22from%22%3A%22tradeGoodsList%22%2C%22block%22%3A%22feed%22%2C%22from_url_id%22%3A%22%22%7D,gRDD,0.0
85,85,85,PpY6,https://img.xinxinapp.net/community/imgs/20191121/f793c3cd37a82bacf961d98712ef085d_800x800.jpeg?imageView2/0/w/600/h/600/interlace/1%7cimageMogr2/format/jpg,NARS 6色眼影盘 Hibiscus,--,xinxin://www.xinxinapp.cn?route=goodsDetail&id=V0kD&goods_id=PpY6&flag=2#%7B%22from%22%3A%22tradeGoodsList%22%2C%22block%22%3A%22feed%22%2C%22from_url_id%22%3A%22%22%7D,V0kD,0.0
86,86,86,PpY6,https://img.xinxinapp.net/community/imgs/20191121/4bc08789ea155daa37f428842671ad2a_800x800.jpeg?imageView2/0/w/600/h/600/interlace/1%7cimageMogr2/format/jpg,NARS 6色眼影盘 Copper,--,xinxin://www.xinxinapp.cn?route=goodsDetail&id=vbnw&goods_id=PpY6&flag=2#%7B%22from%22%3A%22tradeGoodsList%22%2C%22block%22%3A%22feed%22%2C%22from_url_id%22%3A%22%22%7D,vbnw,0.0
87,87,87,Jarq,https://img.xinxinapp.net/community/imgs/20191105/31a96513415f3b4410486a029c111ed4_800x800.png?imageView2/0/w/600/h/600/interlace/1%7cimageMogr2/format/jpg,完美日记 十二色动物眼影 冰狼,--,xinxin://www.xinxinapp.cn?route=goodsDetail&id=o2B9&goods_id=Jarq&flag=2#%7B%22from%22%3A%22tradeGoodsList%22%2C%22block%22%3A%22feed%22%2C%22from_url_id%22%3A%22%22%7D,o2B9,0.0
88,88,88,Jarq,https://img.xinxinapp.net/community/imgs/20191105/2d508fe1b1be9fca820f4326b4ecd768_800x800.png?imageView2/0/w/600/h/600/interlace/1%7cimageMogr2/format/jpg,完美日记 十二色动物眼影 鳄鱼,--,xinxin://www.xinxinapp.cn?route=goodsDetail&id=2GdY&goods_id=Jarq&flag=2#%7B%22from%22%3A%22tradeGoodsList%22%2C%22block%22%3A%22feed%22%2C%22from_url_id%22%3A%22%22%7D,2GdY,0.0
89,89,89,xKK,https://img.xinxinapp.net/community/imgs/20190805/cacb2129d967076da647ffaa766edccb_750x750.jpeg?imageView2/0/w/600/h/600/interlace/1%7cimageMogr2/format/jpg,TOM FORD/汤姆福特TF 四色眼影6g/10g #28/Day Dream,--,xinxin://www.xinxinapp.cn?route=goodsDetail&id=RN1X&goods_id=xKK&flag=2#%7B%22from%22%3A%22tradeGoodsList%22%2C%22block%22%3A%22feed%22%2C%22from_url_id%22%3A%22%22%7D,RN1X,90.0
90,90,90,xKK,https://img.xinxinapp.net/community/imgs/20190719/38592ef84a0edb8cab6221b4ecedeb79_750x750.jpeg?imageView2/0/w/600/h/600/interlace/1%7cimageMogr2/format/jpg,TOM FORD/汤姆福特TF 四色眼影6g/10g #27/Virgin-Orchid(干湿两用),--,xinxin://www.xinxinapp.cn?route=goodsDetail&id=BzL6&goods_id=xKK&flag=2#%7B%22from%22%3A%22tradeGoodsList%22%2C%22block%22%3A%22feed%22%2C%22from_url_id%22%3A%22%22%7D,BzL6,90.0
91,91,91,xKK,https://img.xinxinapp.net/community/imgs/20190617/a34eab87da1ad2edc06c548537af8700_750x750.jpeg?imageView2/0/w/600/h/600/interlace/1%7cimageMogr2/format/jpg,TOM FORD/汤姆福特TF 四色眼影6g/10g #13/Orchid Haze,--,xinxin://www.xinxinapp.cn?route=goodsDetail&id=YLVp&goods_id=xKK&flag=2#%7B%22from%22%3A%22tradeGoodsList%22%2C%22block%22%3A%22feed%22%2C%22from_url_id%22%3A%22%22%7D,YLVp,90.0
92,92,92,xKK,https://img.xinxinapp.net/community/imgs/20190617/e77bc21a569ae87eca28a611678a3280_750x750.jpeg?imageView2/0/w/600/h/600/interlace/1%7cimageMogr2/format/jpg,TOM FORD/汤姆福特TF 四色眼影6g/10g #03/Cocoa Mirage,--,xinxin://www.xinxinapp.cn?route=goodsDetail&id=e3AV&goods_id=xKK&flag=2#%7B%22from%22%3A%22tradeGoodsList%22%2C%22block%22%3A%22feed%22%2C%22from_url_id%22%3A%22%22%7D,e3AV,90.0
93,93,93,bvZ,https://img.xinxinapp.net/community/imgs/20190612/6b41a42495429d67550f70a8b6b5ddc7_750x750.jpeg?imageView2/0/w/600/h/600/interlace/1%7cimageMogr2/format/jpg,HUDA BEAUTY Obsessions 九色调色盘 Warm Brown,--,xinxin://www.xinxinapp.cn?route=goodsDetail&id=yRA8&goods_id=bvZ&flag=2#%7B%22from%22%3A%22tradeGoodsList%22%2C%22block%22%3A%22feed%22%2C%22from_url_id%22%3A%22%22%7D,yRA8,0.0
94,94,94,81q,https://img.xinxinapp.net/community/imgs/20190612/5fef07334f48f99529a2e6b30740addf_309x403.png?imageView2/0/w/600/h/600/interlace/1%7cimageMogr2/format/jpg,NYX 16色眼影0.83g Phoenix/大地南瓜色,--,xinxin://www.xinxinapp.cn?route=goodsDetail&id=m1nK&goods_id=81q&flag=2#%7B%22from%22%3A%22tradeGoodsList%22%2C%22block%22%3A%22feed%22%2C%22from_url_id%22%3A%22%22%7D,m1nK,68.0
95,95,95,DPr,https://img.xinxinapp.net/community/imgs/20190904/e03c62716445176910532cf15ed34990_750x750.png?imageView2/0/w/600/h/600/interlace/1%7cimageMogr2/format/jpg,stila 液体眼影4.5ml Enchanted Earth,--,xinxin://www.xinxinapp.cn?route=goodsDetail&id=pYrd&goods_id=DPr&flag=2#%7B%22from%22%3A%22tradeGoodsList%22%2C%22block%22%3A%22feed%22%2C%22from_url_id%22%3A%22%22%7D,pYrd,0.0
96,96,96,DPr,https://img.xinxinapp.net/community/imgs/20190904/d66444a4be796aa212ff39218ceeb735_750x750.png?imageView2/0/w/600/h/600/interlace/1%7cimageMogr2/format/jpg,stila 液体眼影4.5ml Bust A Mauve,--,xinxin://www.xinxinapp.cn?route=goodsDetail&id=6LeK&goods_id=DPr&flag=2#%7B%22from%22%3A%22tradeGoodsList%22%2C%22block%22%3A%22feed%22%2C%22from_url_id%22%3A%22%22%7D,6LeK,0.0
97,97,97,DPr,https://img.xinxinapp.net/community/imgs/20190904/b5dbafd1c8a3fd6138be56d585317c64_750x750.png?imageView2/0/w/600/h/600/interlace/1%7cimageMogr2/format/jpg,stila 液体眼影4.5ml Midnight Espresso,--,xinxin://www.xinxinapp.cn?route=goodsDetail&id=aPeL&goods_id=DPr&flag=2#%7B%22from%22%3A%22tradeGoodsList%22%2C%22block%22%3A%22feed%22%2C%22from_url_id%22%3A%22%22%7D,aPeL,0.0
98,98,98,DPr,https://img.xinxinapp.net/community/imgs/20190904/d17b4835136f9c72e03d711d2b3a086a_800x800.jpeg?imageView2/0/w/600/h/600/interlace/1%7cimageMogr2/format/jpg,stila 液体眼影4.5ml Sassy,--,xinxin://www.xinxinapp.cn?route=goodsDetail&id=rQQ0&goods_id=DPr&flag=2#%7B%22from%22%3A%22tradeGoodsList%22%2C%22block%22%3A%22feed%22%2C%22from_url_id%22%3A%22%22%7D,rQQ0,0.0
99,99,99,5qn,https://img.xinxinapp.net/community/imgs/20190704/b6b8ad1bd1e82eb675aed4e6f13d4f0b_750x750.jpeg?imageView2/0/w/600/h/600/interlace/1%7cimageMogr2/format/jpg,COLOURPOP/卡拉泡泡 12色眼影盘 Double Entendre,--,xinxin://www.xinxinapp.cn?route=goodsDetail&id=5gwN&goods_id=5qn&flag=2#%7B%22from%22%3A%22tradeGoodsList%22%2C%22block%22%3A%22feed%22%2C%22from_url_id%22%3A%22%22%7D,5gwN,29.0
100,100,100,5qn,https://img.xinxinapp.net/community/imgs/20190704/f27a6ff652d269f14c045b485c421283_750x750.jpeg?imageView2/0/w/600/h/600/interlace/1%7cimageMogr2/format/jpg,COLOURPOP/卡拉泡泡 12色眼影盘 Salvaje Palette,--,xinxin://www.xinxinapp.cn?route=goodsDetail&id=b52r&goods_id=5qn&flag=2#%7B%22from%22%3A%22tradeGoodsList%22%2C%22block%22%3A%22feed%22%2C%22from_url_id%22%3A%22%22%7D,b52r,29.0
101,101,101,Pl6,https://img.xinxinapp.net/community/imgs/20190903/44c677d9d0502df4e52c53edde30149f_800x800.jpeg?imageView2/0/w/600/h/600/interlace/1%7cimageMogr2/format/jpg,MAC/魅可 单色眼影（焦点眼影）1.5g CRANBERRY (冰霜),--,xinxin://www.xinxinapp.cn?route=goodsDetail&id=NyrY&goods_id=Pl6&flag=2#%7B%22from%22%3A%22tradeGoodsList%22%2C%22block%22%3A%22feed%22%2C%22from_url_id%22%3A%22%22%7D,NyrY,35.0
102,102,102,Pl6,https://img.xinxinapp.net/community/imgs/20190903/4921f3a179ef8f5bde1952a9a72a7064_350x350.jpeg?imageView2/0/w/600/h/600/interlace/1%7cimageMogr2/format/jpg,MAC/魅可 单色眼影（焦点眼影）1.5g EXPENSIVE PINK (闪亮丝光),--,xinxin://www.xinxinapp.cn?route=goodsDetail&id=Dzzk&goods_id=Pl6&flag=2#%7B%22from%22%3A%22tradeGoodsList%22%2C%22block%22%3A%22feed%22%2C%22from_url_id%22%3A%22%22%7D,Dzzk,35.0
103,103,103,Pl6,https://img.xinxinapp.net/community/imgs/20190903/ca4a68903f8fe6de144a0f742ced8f45_550x550.jpeg?imageView2/0/w/600/h/600/interlace/1%7cimageMogr2/format/jpg,MAC/魅可 单色眼影（焦点眼影）1.5g SLOW FAST SLOW (闪亮),--,xinxin://www.xinxinapp.cn?route=goodsDetail&id=gDD3&goods_id=Pl6&flag=2#%7B%22from%22%3A%22tradeGoodsList%22%2C%22block%22%3A%22feed%22%2C%22from_url_id%22%3A%22%22%7D,gDD3,35.0
104,104,104,Pl6,https://img.xinxinapp.net/community/imgs/20190903/03f39a38e00a89e263d296e7320149fc_785x785.jpeg?imageView2/0/w/600/h/600/interlace/1%7cimageMogr2/format/jpg,MAC/魅可 单色眼影（焦点眼影）1.5g RULE (哑光),--,xinxin://www.xinxinapp.cn?route=goodsDetail&id=eZZl&goods_id=Pl6&flag=2#%7B%22from%22%3A%22tradeGoodsList%22%2C%22block%22%3A%22feed%22%2C%22from_url_id%22%3A%22%22%7D,eZZl,35.0
105,105,105,Pl6,https://img.xinxinapp.net/community/imgs/20190903/56b8d4a89ee7ce9bb6daaa286fd41ba9_760x760.jpeg?imageView2/0/w/600/h/600/interlace/1%7cimageMogr2/format/jpg,MAC/魅可 单色眼影（焦点眼影）1.5g RUDDY (闪亮丝光),--,xinxin://www.xinxinapp.cn?route=goodsDetail&id=XKKx&goods_id=Pl6&flag=2#%7B%22from%22%3A%22tradeGoodsList%22%2C%22block%22%3A%22feed%22%2C%22from_url_id%22%3A%22%22%7D,XKKx,35.0
106,106,106,Pl6,https://img.xinxinapp.net/community/imgs/20190903/b72c5e6a5c01269fbd4f7e5980aa0bd5_680x680.jpeg?imageView2/0/w/600/h/600/interlace/1%7cimageMogr2/format/jpg,MAC/魅可 单色眼影（焦点眼影）1.5g RED BRICK (哑光),--,xinxin://www.xinxinapp.cn?route=goodsDetail&id=Ldda&goods_id=Pl6&flag=2#%7B%22from%22%3A%22tradeGoodsList%22%2C%22block%22%3A%22feed%22%2C%22from_url_id%22%3A%22%22%7D,Ldda,35.0
107,107,107,Pl6,https://img.xinxinapp.net/community/imgs/20190903/bfe5426cd1ba4c060fb1ae12ce5810e1_550x550.jpeg?imageView2/0/w/600/h/600/interlace/1%7cimageMogr2/format/jpg,MAC/魅可 单色眼影（焦点眼影）1.5g I LIKE 2 WATCH (闪亮),--,xinxin://www.xinxinapp.cn?route=goodsDetail&id=EGGb&goods_id=Pl6&flag=2#%7B%22from%22%3A%22tradeGoodsList%22%2C%22block%22%3A%22feed%22%2C%22from_url_id%22%3A%22%22%7D,EGGb,35.0
108,108,108,Pl6,https://img.xinxinapp.net/community/imgs/20190903/0cffe8ab1c8649999b06ea11a1b50f53_550x550.jpeg?imageView2/0/w/600/h/600/interlace/1%7cimageMogr2/format/jpg,MAC/魅可 单色眼影（焦点眼影）1.5g LAST DANCE (闪亮),--,xinxin://www.xinxinapp.cn?route=goodsDetail&id=zqLo&goods_id=Pl6&flag=2#%7B%22from%22%3A%22tradeGoodsList%22%2C%22block%22%3A%22feed%22%2C%22from_url_id%22%3A%22%22%7D,zqLo,35.0
109,109,109,Pl6,https://img.xinxinapp.net/community/imgs/20190903/187e20a8c06e6cc74edfe0be7c9554a6_557x557.jpeg?imageView2/0/w/600/h/600/interlace/1%7cimageMogr2/format/jpg,"MAC/魅可 单色眼影（焦点眼影）1.5g CAN'T STOP, DON'T STOP (闪亮)",--,xinxin://www.xinxinapp.cn?route=goodsDetail&id=b5YN&goods_id=Pl6&flag=2#%7B%22from%22%3A%22tradeGoodsList%22%2C%22block%22%3A%22feed%22%2C%22from_url_id%22%3A%22%22%7D,b5YN,35.0
110,110,110,PdX,https://img.xinxinapp.net/community/imgs/20190612/6a4f5b6f213b0cb2a834c8322ba091e4_750x750.jpeg?imageView2/0/w/600/h/600/interlace/1%7cimageMogr2/format/jpg,URBAN DECAY 眼影盘全系列 Naked 2,--,xinxin://www.xinxinapp.cn?route=goodsDetail&id=0917&goods_id=PdX&flag=2#%7B%22from%22%3A%22tradeGoodsList%22%2C%22block%22%3A%22feed%22%2C%22from_url_id%22%3A%22%22%7D,0917,97.0
111,111,111,rw8,https://img.xinxinapp.net/community/imgs/20190612/eb9b96faee9b9a81f09181d1711f3ff3_750x750.jpeg?imageView2/0/w/600/h/600/interlace/1%7cimageMogr2/format/jpg,YSL/圣罗兰 五色眼影5g #04,--,xinxin://www.xinxinapp.cn?route=goodsDetail&id=6kR6&goods_id=rw8&flag=2#%7B%22from%22%3A%22tradeGoodsList%22%2C%22block%22%3A%22feed%22%2C%22from_url_id%22%3A%22%22%7D,6kR6,0.0
112,112,112,PdX,https://img.xinxinapp.net/community/imgs/20190613/ff335369a26560f6e58bce4943e2cc53_750x750.jpeg?imageView2/0/w/600/h/600/interlace/1%7cimageMogr2/format/jpg,URBAN DECAY 眼影盘全系列 UL Timate Basics,--,xinxin://www.xinxinapp.cn?route=goodsDetail&id=P7wq&goods_id=PdX&flag=2#%7B%22from%22%3A%22tradeGoodsList%22%2C%22block%22%3A%22feed%22%2C%22from_url_id%22%3A%22%22%7D,P7wq,97.0
113,113,113,Pbp,https://img.xinxinapp.net/community/imgs/20191020/1f82bd8346ac7e38a9f58b1c84b39013_800x800.jpeg?imageView2/0/w/600/h/600/interlace/1%7cimageMogr2/format/jpg,COLOURPOP/卡拉泡泡 土豆泥眼影 Golden Hour,--,xinxin://www.xinxinapp.cn?route=goodsDetail&id=mYqe&goods_id=Pbp&flag=2#%7B%22from%22%3A%22tradeGoodsList%22%2C%22block%22%3A%22feed%22%2C%22from_url_id%22%3A%22%22%7D,mYqe,45.0
114,114,114,Pbp,https://img.xinxinapp.net/community/imgs/20191020/8db2724bc9775f4151f113b279049ce3_800x800.jpeg?imageView2/0/w/600/h/600/interlace/1%7cimageMogr2/format/jpg,COLOURPOP/卡拉泡泡 土豆泥眼影 In Axis,--,xinxin://www.xinxinapp.cn?route=goodsDetail&id=oOe1&goods_id=Pbp&flag=2#%7B%22from%22%3A%22tradeGoodsList%22%2C%22block%22%3A%22feed%22%2C%22from_url_id%22%3A%22%22%7D,oOe1,0.0
115,115,115,Pbp,https://img.xinxinapp.net/community/imgs/20191020/b24b4d59b1009f8dfd3da6ffe0486a95_800x800.jpeg?imageView2/0/w/600/h/600/interlace/1%7cimageMogr2/format/jpg,COLOURPOP/卡拉泡泡 土豆泥眼影 Ice Dream,--,xinxin://www.xinxinapp.cn?route=goodsDetail&id=0GrB&goods_id=Pbp&flag=2#%7B%22from%22%3A%22tradeGoodsList%22%2C%22block%22%3A%22feed%22%2C%22from_url_id%22%3A%22%22%7D,0GrB,0.0
116,116,116,Pbp,https://img.xinxinapp.net/community/imgs/20191020/a5a4ca509d2d52e3a50ea6f897fcfc5c_800x800.jpeg?imageView2/0/w/600/h/600/interlace/1%7cimageMogr2/format/jpg,COLOURPOP/卡拉泡泡 土豆泥眼影 Moonwalk,--,xinxin://www.xinxinapp.cn?route=goodsDetail&id=PNmX&goods_id=Pbp&flag=2#%7B%22from%22%3A%22tradeGoodsList%22%2C%22block%22%3A%22feed%22%2C%22from_url_id%22%3A%22%22%7D,PNmX,0.0
117,117,117,Pbp,https://img.xinxinapp.net/community/imgs/20191021/5b5837f982023f52e772912a618beb7b_800x800.jpeg?imageView2/0/w/600/h/600/interlace/1%7cimageMogr2/format/jpg,COLOURPOP/卡拉泡泡 土豆泥眼影 Set To Stun,--,xinxin://www.xinxinapp.cn?route=goodsDetail&id=EGn0&goods_id=Pbp&flag=2#%7B%22from%22%3A%22tradeGoodsList%22%2C%22block%22%3A%22feed%22%2C%22from_url_id%22%3A%22%22%7D,EGn0,0.0
118,118,118,Pbp,https://img.xinxinapp.net/community/imgs/20191021/0819746fe0e9dd9bf5184ffdc1c37681_800x800.jpeg?imageView2/0/w/600/h/600/interlace/1%7cimageMogr2/format/jpg,COLOURPOP/卡拉泡泡 土豆泥眼影 Twitterpated,--,xinxin://www.xinxinapp.cn?route=goodsDetail&id=XK5e&goods_id=Pbp&flag=2#%7B%22from%22%3A%22tradeGoodsList%22%2C%22block%22%3A%22feed%22%2C%22from_url_id%22%3A%22%22%7D,XK5e,0.0
119,119,119,Pbp,https://img.xinxinapp.net/community/imgs/20191022/759e2b9a9832685907b3207cf297e50b_800x800.jpeg?imageView2/0/w/600/h/600/interlace/1%7cimageMogr2/format/jpg,COLOURPOP/卡拉泡泡 土豆泥眼影 Weenie,--,xinxin://www.xinxinapp.cn?route=goodsDetail&id=zqZz&goods_id=Pbp&flag=2#%7B%22from%22%3A%22tradeGoodsList%22%2C%22block%22%3A%22feed%22%2C%22from_url_id%22%3A%22%22%7D,zqZz,0.0
120,120,120,Pbp,https://img.xinxinapp.net/community/imgs/20191022/213520053f001be3e3bc1d9c5dd00dc4_800x800.jpeg?imageView2/0/w/600/h/600/interlace/1%7cimageMogr2/format/jpg,COLOURPOP/卡拉泡泡 土豆泥眼影 Tea Party,--,xinxin://www.xinxinapp.cn?route=goodsDetail&id=Dz25&goods_id=Pbp&flag=2#%7B%22from%22%3A%22tradeGoodsList%22%2C%22block%22%3A%22feed%22%2C%22from_url_id%22%3A%22%22%7D,Dz25,0.0
121,121,121,Pbp,https://img.xinxinapp.net/community/imgs/20191023/731fd93ce1fd86f4dd4678e0dddb974f_800x800.jpeg?imageView2/0/w/600/h/600/interlace/1%7cimageMogr2/format/jpg,COLOURPOP/卡拉泡泡 土豆泥眼影 Erotic,--,xinxin://www.xinxinapp.cn?route=goodsDetail&id=oOrZ&goods_id=Pbp&flag=2#%7B%22from%22%3A%22tradeGoodsList%22%2C%22block%22%3A%22feed%22%2C%22from_url_id%22%3A%22%22%7D,oOrZ,0.0
122,122,122,Pbp,https://img.xinxinapp.net/community/imgs/20191023/d114723c8687f26a3b633d8614c6a9b0_800x800.jpeg?imageView2/0/w/600/h/600/interlace/1%7cimageMogr2/format/jpg,COLOURPOP/卡拉泡泡 土豆泥眼影 Vela,--,xinxin://www.xinxinapp.cn?route=goodsDetail&id=0GLL&goods_id=Pbp&flag=2#%7B%22from%22%3A%22tradeGoodsList%22%2C%22block%22%3A%22feed%22%2C%22from_url_id%22%3A%22%22%7D,0GLL,0.0
123,123,123,Pbp,https://img.xinxinapp.net/community/imgs/20191020/102b47f79ff331040b7c8731ee418793_800x800.jpeg?imageView2/0/w/600/h/600/interlace/1%7cimageMogr2/format/jpg,COLOURPOP/卡拉泡泡 土豆泥眼影 6am,--,xinxin://www.xinxinapp.cn?route=goodsDetail&id=wYJk&goods_id=Pbp&flag=2#%7B%22from%22%3A%22tradeGoodsList%22%2C%22block%22%3A%22feed%22%2C%22from_url_id%22%3A%22%22%7D,wYJk,0.0
124,124,124,Pbp,https://img.xinxinapp.net/community/imgs/20191020/4236d26f7b8a577a411dcd5a8876f28a_800x800.jpeg?imageView2/0/w/600/h/600/interlace/1%7cimageMogr2/format/jpg,COLOURPOP/卡拉泡泡 土豆泥眼影 Millennium,--,xinxin://www.xinxinapp.cn?route=goodsDetail&id=7LPN&goods_id=Pbp&flag=2#%7B%22from%22%3A%22tradeGoodsList%22%2C%22block%22%3A%22feed%22%2C%22from_url_id%22%3A%22%22%7D,7LPN,0.0
125,125,125,Pbp,https://img.xinxinapp.net/community/imgs/20191021/d5398af9c4d11e05333cd30160d56bde_800x800.jpeg?imageView2/0/w/600/h/600/interlace/1%7cimageMogr2/format/jpg,COLOURPOP/卡拉泡泡 土豆泥眼影 Drift,--,xinxin://www.xinxinapp.cn?route=goodsDetail&id=dVdV&goods_id=Pbp&flag=2#%7B%22from%22%3A%22tradeGoodsList%22%2C%22block%22%3A%22feed%22%2C%22from_url_id%22%3A%22%22%7D,dVdV,0.0
126,126,126,Pbp,https://img.xinxinapp.net/community/imgs/20191021/5627dc338e5b57daf4fb83fc685347f9_800x800.jpeg?imageView2/0/w/600/h/600/interlace/1%7cimageMogr2/format/jpg,COLOURPOP/卡拉泡泡 土豆泥眼影 Three's A Cloud,--,xinxin://www.xinxinapp.cn?route=goodsDetail&id=eZLQ&goods_id=Pbp&flag=2#%7B%22from%22%3A%22tradeGoodsList%22%2C%22block%22%3A%22feed%22%2C%22from_url_id%22%3A%22%22%7D,eZLQ,0.0
127,127,127,Pbp,https://img.xinxinapp.net/community/imgs/20191022/d4115084698c20e48d3c5459bb726b35_800x800.jpeg?imageView2/0/w/600/h/600/interlace/1%7cimageMogr2/format/jpg,COLOURPOP/卡拉泡泡 土豆泥眼影 Cuteologist,--,xinxin://www.xinxinapp.cn?route=goodsDetail&id=Bz18&goods_id=Pbp&flag=2#%7B%22from%22%3A%22tradeGoodsList%22%2C%22block%22%3A%22feed%22%2C%22from_url_id%22%3A%22%22%7D,Bz18,0.0
128,128,128,Pbp,https://img.xinxinapp.net/community/imgs/20191022/3dfd917b7e6a2dc43a4d092d12d3c0be_800x800.jpeg?imageView2/0/w/600/h/600/interlace/1%7cimageMogr2/format/jpg,COLOURPOP/卡拉泡泡 土豆泥眼影 Haze,--,xinxin://www.xinxinapp.cn?route=goodsDetail&id=RNxP&goods_id=Pbp&flag=2#%7B%22from%22%3A%22tradeGoodsList%22%2C%22block%22%3A%22feed%22%2C%22from_url_id%22%3A%22%22%7D,RNxP,0.0
129,129,129,Pbp,https://img.xinxinapp.net/community/imgs/20191022/ccd8bf9fb8202487e44a287b2d2f1ee6_800x800.jpeg?imageView2/0/w/600/h/600/interlace/1%7cimageMogr2/format/jpg,COLOURPOP/卡拉泡泡 土豆泥眼影 Ritz,--,xinxin://www.xinxinapp.cn?route=goodsDetail&id=EGr0&goods_id=Pbp&flag=2#%7B%22from%22%3A%22tradeGoodsList%22%2C%22block%22%3A%22feed%22%2C%22from_url_id%22%3A%22%22%7D,EGr0,0.0
130,130,130,Pbp,https://img.xinxinapp.net/community/imgs/20191023/cca4aa214ab03b74eb6c402049c508ce_800x800.jpeg?imageView2/0/w/600/h/600/interlace/1%7cimageMogr2/format/jpg,COLOURPOP/卡拉泡泡 土豆泥眼影 Issa,--,xinxin://www.xinxinapp.cn?route=goodsDetail&id=wY5J&goods_id=Pbp&flag=2#%7B%22from%22%3A%22tradeGoodsList%22%2C%22block%22%3A%22feed%22%2C%22from_url_id%22%3A%22%22%7D,wY5J,0.0
131,131,131,Pbp,https://img.xinxinapp.net/community/imgs/20191020/28cb65a7ab5311269a91a07daf1af90b_800x800.jpeg?imageView2/0/w/600/h/600/interlace/1%7cimageMogr2/format/jpg,COLOURPOP/卡拉泡泡 土豆泥眼影 Dreamlover,--,xinxin://www.xinxinapp.cn?route=goodsDetail&id=8m5q&goods_id=Pbp&flag=2#%7B%22from%22%3A%22tradeGoodsList%22%2C%22block%22%3A%22feed%22%2C%22from_url_id%22%3A%22%22%7D,8m5q,0.0
132,132,132,Pbp,https://img.xinxinapp.net/community/imgs/20191020/94bbc8bbc5e90d5c0aaeba4f88330862_800x800.jpeg?imageView2/0/w/600/h/600/interlace/1%7cimageMogr2/format/jpg,COLOURPOP/卡拉泡泡 土豆泥眼影 Dgaf,--,xinxin://www.xinxinapp.cn?route=goodsDetail&id=b5VN&goods_id=Pbp&flag=2#%7B%22from%22%3A%22tradeGoodsList%22%2C%22block%22%3A%22feed%22%2C%22from_url_id%22%3A%22%22%7D,b5VN,0.0
133,133,133,Pbp,https://img.xinxinapp.net/community/imgs/20191021/f692b8f937ca5788a0c2e6a0ecb47383_800x800.jpeg?imageView2/0/w/600/h/600/interlace/1%7cimageMogr2/format/jpg,COLOURPOP/卡拉泡泡 土豆泥眼影 Party Of Five,--,xinxin://www.xinxinapp.cn?route=goodsDetail&id=NyKV&goods_id=Pbp&flag=2#%7B%22from%22%3A%22tradeGoodsList%22%2C%22block%22%3A%22feed%22%2C%22from_url_id%22%3A%22%22%7D,NyKV,0.0
134,134,134,Pbp,https://img.xinxinapp.net/community/imgs/20191021/d1d693f2425a25de42e3685ccd8f522a_800x800.jpeg?imageView2/0/w/600/h/600/interlace/1%7cimageMogr2/format/jpg,COLOURPOP/卡拉泡泡 土豆泥眼影 Frog,--,xinxin://www.xinxinapp.cn?route=goodsDetail&id=Dza5&goods_id=Pbp&flag=2#%7B%22from%22%3A%22tradeGoodsList%22%2C%22block%22%3A%22feed%22%2C%22from_url_id%22%3A%22%22%7D,Dza5,0.0
135,135,135,Pbp,https://img.xinxinapp.net/community/imgs/20191021/258ad466939834e1d5a306f82d9ca7ea_800x800.jpeg?imageView2/0/w/600/h/600/interlace/1%7cimageMogr2/format/jpg,COLOURPOP/卡拉泡泡 土豆泥眼影 La La,--,xinxin://www.xinxinapp.cn?route=goodsDetail&id=Ldyn&goods_id=Pbp&flag=2#%7B%22from%22%3A%22tradeGoodsList%22%2C%22block%22%3A%22feed%22%2C%22from_url_id%22%3A%22%22%7D,Ldyn,0.0
136,136,136,Pbp,https://img.xinxinapp.net/community/imgs/20191021/0b4232a5994a1ebd4edef80f674b6df9_800x800.jpeg?imageView2/0/w/600/h/600/interlace/1%7cimageMogr2/format/jpg,COLOURPOP/卡拉泡泡 土豆泥眼影 Lightning Bug,--,xinxin://www.xinxinapp.cn?route=goodsDetail&id=gDeq&goods_id=Pbp&flag=2#%7B%22from%22%3A%22tradeGoodsList%22%2C%22block%22%3A%22feed%22%2C%22from_url_id%22%3A%22%22%7D,gDeq,0.0
137,137,137,Pbp,https://img.xinxinapp.net/community/imgs/20191022/8623a7d33c4e19969b40b3eea61e16ae_800x800.jpeg?imageView2/0/w/600/h/600/interlace/1%7cimageMogr2/format/jpg,COLOURPOP/卡拉泡泡 土豆泥眼影 Elixir,--,xinxin://www.xinxinapp.cn?route=goodsDetail&id=xYvK&goods_id=Pbp&flag=2#%7B%22from%22%3A%22tradeGoodsList%22%2C%22block%22%3A%22feed%22%2C%22from_url_id%22%3A%22%22%7D,xYvK,0.0
138,138,138,Pbp,https://img.xinxinapp.net/community/imgs/20191022/57abf9e09aeaf43de9b8fd9087ae2a4d_800x800.jpeg?imageView2/0/w/600/h/600/interlace/1%7cimageMogr2/format/jpg,COLOURPOP/卡拉泡泡 土豆泥眼影 Sequin,--,xinxin://www.xinxinapp.cn?route=goodsDetail&id=9pno&goods_id=Pbp&flag=2#%7B%22from%22%3A%22tradeGoodsList%22%2C%22block%22%3A%22feed%22%2C%22from_url_id%22%3A%22%22%7D,9pno,0.0
139,139,139,Pbp,https://img.xinxinapp.net/community/imgs/20191022/c32863725e9c623fadc14145814400e5_800x800.jpeg?imageView2/0/w/600/h/600/interlace/1%7cimageMogr2/format/jpg,COLOURPOP/卡拉泡泡 土豆泥眼影 Wattles,--,xinxin://www.xinxinapp.cn?route=goodsDetail&id=NyvV&goods_id=Pbp&flag=2#%7B%22from%22%3A%22tradeGoodsList%22%2C%22block%22%3A%22feed%22%2C%22from_url_id%22%3A%22%22%7D,NyvV,0.0
140,140,140,Pbp,https://img.xinxinapp.net/community/imgs/20191022/781e4084ec244d3e24aaa6510b04570a_800x800.jpeg?imageView2/0/w/600/h/600/interlace/1%7cimageMogr2/format/jpg,COLOURPOP/卡拉泡泡 土豆泥眼影 Kelp Me,--,xinxin://www.xinxinapp.cn?route=goodsDetail&id=dVJV&goods_id=Pbp&flag=2#%7B%22from%22%3A%22tradeGoodsList%22%2C%22block%22%3A%22feed%22%2C%22from_url_id%22%3A%22%22%7D,dVJV,0.0
141,141,141,Pbp,https://img.xinxinapp.net/community/imgs/20191023/a784c240b61c0f6cca2ec2eab6b15886_800x800.jpeg?imageView2/0/w/600/h/600/interlace/1%7cimageMogr2/format/jpg,COLOURPOP/卡拉泡泡 土豆泥眼影 Ladybird,--,xinxin://www.xinxinapp.cn?route=goodsDetail&id=8maN&goods_id=Pbp&flag=2#%7B%22from%22%3A%22tradeGoodsList%22%2C%22block%22%3A%22feed%22%2C%22from_url_id%22%3A%22%22%7D,8maN,0.0
142,142,142,Pbp,https://img.xinxinapp.net/community/imgs/20191023/2030f1ff0f2605850c8e1072d8f9286f_800x800.jpeg?imageView2/0/w/600/h/600/interlace/1%7cimageMogr2/format/jpg,COLOURPOP/卡拉泡泡 土豆泥眼影 Slave2pink,--,xinxin://www.xinxinapp.cn?route=goodsDetail&id=b5XZ&goods_id=Pbp&flag=2#%7B%22from%22%3A%22tradeGoodsList%22%2C%22block%22%3A%22feed%22%2C%22from_url_id%22%3A%22%22%7D,b5XZ,0.0
143,143,143,n1m,https://img.xinxinapp.net/community/imgs/20190610/1c4d758953898a8481dcf77ab5b8a135_750x750.jpeg?imageView2/0/w/600/h/600/interlace/1%7cimageMogr2/format/jpg,GIVENCHY/纪梵希 高定魅彩四色眼影4*1g #09/全心棕情,--,xinxin://www.xinxinapp.cn?route=goodsDetail&id=d5P1&goods_id=n1m&flag=2#%7B%22from%22%3A%22tradeGoodsList%22%2C%22block%22%3A%22feed%22%2C%22from_url_id%22%3A%22%22%7D,d5P1,0.0
144,144,144,n1m,https://img.xinxinapp.net/community/imgs/20190610/ef27af6bbb6b090c45e4238b315a1698_750x750.jpeg?imageView2/0/w/600/h/600/interlace/1%7cimageMogr2/format/jpg,GIVENCHY/纪梵希 高定魅彩四色眼影4*1g #08/金星炭火,--,xinxin://www.xinxinapp.cn?route=goodsDetail&id=EeB3&goods_id=n1m&flag=2#%7B%22from%22%3A%22tradeGoodsList%22%2C%22block%22%3A%22feed%22%2C%22from_url_id%22%3A%22%22%7D,EeB3,0.0
145,145,145,n1m,https://img.xinxinapp.net/community/imgs/20190610/01dc88c2bbc0d29ca5fcc00326a17cad_750x750.jpeg?imageView2/0/w/600/h/600/interlace/1%7cimageMogr2/format/jpg,GIVENCHY/纪梵希 高定魅彩四色眼影4*1g #05/灰动心弦,--,xinxin://www.xinxinapp.cn?route=goodsDetail&id=RvYk&goods_id=n1m&flag=2#%7B%22from%22%3A%22tradeGoodsList%22%2C%22block%22%3A%22feed%22%2C%22from_url_id%22%3A%22%22%7D,RvYk,0.0
146,146,146,n1m,https://img.xinxinapp.net/community/imgs/20190610/5453b9b31aa0976ebbdbb9735f20d1ab_750x750.jpeg?imageView2/0/w/600/h/600/interlace/1%7cimageMogr2/format/jpg,GIVENCHY/纪梵希 高定魅彩四色眼影4*1g #06/迷踪暖情,--,xinxin://www.xinxinapp.cn?route=goodsDetail&id=NDL3&goods_id=n1m&flag=2#%7B%22from%22%3A%22tradeGoodsList%22%2C%22block%22%3A%22feed%22%2C%22from_url_id%22%3A%22%22%7D,NDL3,0.0
147,147,147,n1m,https://img.xinxinapp.net/community/imgs/20190610/874102ad4cb76701b6c3c992c03f58fa_750x750.jpeg?imageView2/0/w/600/h/600/interlace/1%7cimageMogr2/format/jpg,GIVENCHY/纪梵希 高定魅彩四色眼影4*1g #04/金银摇摆,--,xinxin://www.xinxinapp.cn?route=goodsDetail&id=zkae&goods_id=n1m&flag=2#%7B%22from%22%3A%22tradeGoodsList%22%2C%22block%22%3A%22feed%22%2C%22from_url_id%22%3A%22%22%7D,zkae,0.0
148,148,148,n1m,https://img.xinxinapp.net/community/imgs/20190610/16983cdec0ab1f3e401dc98283370ec7_750x750.jpeg?imageView2/0/w/600/h/600/interlace/1%7cimageMogr2/format/jpg,GIVENCHY/纪梵希 高定魅彩四色眼影4*1g #03/溢彩炫目,--,xinxin://www.xinxinapp.cn?route=goodsDetail&id=9yrb&goods_id=n1m&flag=2#%7B%22from%22%3A%22tradeGoodsList%22%2C%22block%22%3A%22feed%22%2C%22from_url_id%22%3A%22%22%7D,9yrb,0.0
149,149,149,vbD,https://img.xinxinapp.net/community/imgs/20190611/7e245e529bed8e7271381eec33a69baf_750x750.jpeg?imageView2/0/w/600/h/600/interlace/1%7cimageMogr2/format/jpg,CHANEL/香奈儿 四色眼影 #294,--,xinxin://www.xinxinapp.cn?route=goodsDetail&id=7QQg&goods_id=vbD&flag=2#%7B%22from%22%3A%22tradeGoodsList%22%2C%22block%22%3A%22feed%22%2C%22from_url_id%22%3A%22%22%7D,7QQg,12.0
150,150,150,vgB,https://img.xinxinapp.net/community/imgs/20190611/f504384b29203271622248bc06789298_1039x1039.jpeg?imageView2/0/w/600/h/600/interlace/1%7cimageMogr2/format/jpg,CHARLOTTE  TILBURY 奢彩四色眼影盘5.2g The Glamour Muse,--,xinxin://www.xinxinapp.cn?route=goodsDetail&id=wZZm&goods_id=vgB&flag=2#%7B%22from%22%3A%22tradeGoodsList%22%2C%22block%22%3A%22feed%22%2C%22from_url_id%22%3A%22%22%7D,wZZm,4.0
151,151,151,vgB,https://img.xinxinapp.net/community/imgs/20190611/4a95b7d15ad29fd5db9e939e65e040f0_800x800.jpeg?imageView2/0/w/600/h/600/interlace/1%7cimageMogr2/format/jpg,CHARLOTTE  TILBURY 奢彩四色眼影盘5.2g Fallen Angel,--,xinxin://www.xinxinapp.cn?route=goodsDetail&id=vZZy&goods_id=vgB&flag=2#%7B%22from%22%3A%22tradeGoodsList%22%2C%22block%22%3A%22feed%22%2C%22from_url_id%22%3A%22%22%7D,vZZy,4.0
152,152,152,vgB,https://img.xinxinapp.net/community/imgs/20190611/a583b7e98714269cffbaea1998931d17_1039x1039.jpeg?imageView2/0/w/600/h/600/interlace/1%7cimageMogr2/format/jpg,CHARLOTTE  TILBURY 奢彩四色眼影盘5.2g The Dolce Vita,--,xinxin://www.xinxinapp.cn?route=goodsDetail&id=5wwV&goods_id=vgB&flag=2#%7B%22from%22%3A%22tradeGoodsList%22%2C%22block%22%3A%22feed%22%2C%22from_url_id%22%3A%22%22%7D,5wwV,4.0
153,153,153,vgB,https://img.xinxinapp.net/community/imgs/20190611/7eacbc11411e4f5818130892776f69ab_1047x1047.jpeg?imageView2/0/w/600/h/600/interlace/1%7cimageMogr2/format/jpg,CHARLOTTE  TILBURY 奢彩四色眼影盘5.2g The Uptown Girl,--,xinxin://www.xinxinapp.cn?route=goodsDetail&id=rAAX&goods_id=vgB&flag=2#%7B%22from%22%3A%22tradeGoodsList%22%2C%22block%22%3A%22feed%22%2C%22from_url_id%22%3A%22%22%7D,rAAX,4.0
154,154,154,vgB,https://img.xinxinapp.net/community/imgs/20190611/b03868e27fc6f7d394036072ac95bdcc_1051x1051.jpeg?imageView2/0/w/600/h/600/interlace/1%7cimageMogr2/format/jpg,CHARLOTTE  TILBURY 奢彩四色眼影盘5.2g The Rebel,--,xinxin://www.xinxinapp.cn?route=goodsDetail&id=8110&goods_id=vgB&flag=2#%7B%22from%22%3A%22tradeGoodsList%22%2C%22block%22%3A%22feed%22%2C%22from_url_id%22%3A%22%22%7D,8110,4.0
155,155,155,vgB,https://img.xinxinapp.net/community/imgs/20190611/b132e7d3146c197f5faaa70d52fce40e_1025x1025.jpeg?imageView2/0/w/600/h/600/interlace/1%7cimageMogr2/format/jpg,CHARLOTTE  TILBURY 奢彩四色眼影盘5.2g Dreamgasm,--,xinxin://www.xinxinapp.cn?route=goodsDetail&id=b22r&goods_id=vgB&flag=2#%7B%22from%22%3A%22tradeGoodsList%22%2C%22block%22%3A%22feed%22%2C%22from_url_id%22%3A%22%22%7D,b22r,4.0
156,156,156,vgB,https://img.xinxinapp.net/community/imgs/20190611/5e0d5fd70748811d834c766fd6943374_1043x1043.jpeg?imageView2/0/w/600/h/600/interlace/1%7cimageMogr2/format/jpg,CHARLOTTE  TILBURY 奢彩四色眼影盘5.2g The Golden Goddess,--,xinxin://www.xinxinapp.cn?route=goodsDetail&id=KzzY&goods_id=vgB&flag=2#%7B%22from%22%3A%22tradeGoodsList%22%2C%22block%22%3A%22feed%22%2C%22from_url_id%22%3A%22%22%7D,KzzY,4.0
157,157,157,vgB,https://img.xinxinapp.net/community/imgs/20190611/923a5aadecb2b71cd4c7f1694c3cbc90_1049x1049.jpeg?imageView2/0/w/600/h/600/interlace/1%7cimageMogr2/format/jpg,CHARLOTTE  TILBURY 奢彩四色眼影盘5.2g The Sophisticate,--,xinxin://www.xinxinapp.cn?route=goodsDetail&id=oAAN&goods_id=vgB&flag=2#%7B%22from%22%3A%22tradeGoodsList%22%2C%22block%22%3A%22feed%22%2C%22from_url_id%22%3A%22%22%7D,oAAN,4.0
158,158,158,vgB,https://img.xinxinapp.net/community/imgs/20190611/c3b652278da9c55e5783e4362adda254_1053x1053.jpeg?imageView2/0/w/600/h/600/interlace/1%7cimageMogr2/format/jpg,CHARLOTTE  TILBURY 奢彩四色眼影盘5.2g The Rock Chick,--,xinxin://www.xinxinapp.cn?route=goodsDetail&id=0ggR&goods_id=vgB&flag=2#%7B%22from%22%3A%22tradeGoodsList%22%2C%22block%22%3A%22feed%22%2C%22from_url_id%22%3A%22%22%7D,0ggR,4.0
159,159,159,vgB,https://img.xinxinapp.net/community/imgs/20190611/55bce45a32c56c03b71d4cadc0aa8450_1035x1035.jpeg?imageView2/0/w/600/h/600/interlace/1%7cimageMogr2/format/jpg,CHARLOTTE  TILBURY 奢彩四色眼影盘5.2g Starlight,--,xinxin://www.xinxinapp.cn?route=goodsDetail&id=Pddx&goods_id=vgB&flag=2#%7B%22from%22%3A%22tradeGoodsList%22%2C%22block%22%3A%22feed%22%2C%22from_url_id%22%3A%22%22%7D,Pddx,4.0
160,160,160,vgB,https://img.xinxinapp.net/community/imgs/20190611/d871f42c46a67f7634caee96079b1f24_1045x1045.jpeg?imageView2/0/w/600/h/600/interlace/1%7cimageMogr2/format/jpg,CHARLOTTE  TILBURY 奢彩四色眼影盘5.2g Supersonic Girl,--,xinxin://www.xinxinapp.cn?route=goodsDetail&id=5wwN&goods_id=vgB&flag=2#%7B%22from%22%3A%22tradeGoodsList%22%2C%22block%22%3A%22feed%22%2C%22from_url_id%22%3A%22%22%7D,5wwN,4.0
161,161,161,9Yo,https://img.xinxinapp.net/community/imgs/20190611/c9b13753cc38dc8a26a096e443e15318_750x750.jpeg?imageView2/0/w/600/h/600/interlace/1%7cimageMogr2/format/jpg,CPB/肌肤之钥 极光流彩四色眼影4g #301,--,xinxin://www.xinxinapp.cn?route=goodsDetail&id=vZ3D&goods_id=9Yo&flag=2#%7B%22from%22%3A%22tradeGoodsList%22%2C%22block%22%3A%22feed%22%2C%22from_url_id%22%3A%22%22%7D,vZ3D,0.0
162,162,162,9Yo,https://img.xinxinapp.net/community/imgs/20190611/fde0d924236bf03f0c1367e567664139_750x750.jpeg?imageView2/0/w/600/h/600/interlace/1%7cimageMogr2/format/jpg,CPB/肌肤之钥 极光流彩四色眼影4g #305,--,xinxin://www.xinxinapp.cn?route=goodsDetail&id=vZrg&goods_id=9Yo&flag=2#%7B%22from%22%3A%22tradeGoodsList%22%2C%22block%22%3A%22feed%22%2C%22from_url_id%22%3A%22%22%7D,vZrg,0.0
163,163,163,9Yo,https://img.xinxinapp.net/community/imgs/20190611/00a4a27b846f7b5dbaed31ca7cd6e7ef_750x750.jpeg?imageView2/0/w/600/h/600/interlace/1%7cimageMogr2/format/jpg,CPB/肌肤之钥 极光流彩四色眼影4g #308,--,xinxin://www.xinxinapp.cn?route=goodsDetail&id=B8wX&goods_id=9Yo&flag=2#%7B%22from%22%3A%22tradeGoodsList%22%2C%22block%22%3A%22feed%22%2C%22from_url_id%22%3A%22%22%7D,B8wX,0.0
164,164,164,9Yo,https://img.xinxinapp.net/community/imgs/20190611/6fa091324a933bf2ae038a1d715d67fa_750x750.jpeg?imageView2/0/w/600/h/600/interlace/1%7cimageMogr2/format/jpg,CPB/肌肤之钥 极光流彩四色眼影4g #311,--,xinxin://www.xinxinapp.cn?route=goodsDetail&id=z20L&goods_id=9Yo&flag=2#%7B%22from%22%3A%22tradeGoodsList%22%2C%22block%22%3A%22feed%22%2C%22from_url_id%22%3A%22%22%7D,z20L,0.0
165,165,165,9Yo,https://img.xinxinapp.net/community/imgs/20190611/b170b73fe6626a92d3386c42da44cf5a_750x750.jpeg?imageView2/0/w/600/h/600/interlace/1%7cimageMogr2/format/jpg,CPB/肌肤之钥 极光流彩四色眼影4g #316,--,xinxin://www.xinxinapp.cn?route=goodsDetail&id=Ea7E&goods_id=9Yo&flag=2#%7B%22from%22%3A%22tradeGoodsList%22%2C%22block%22%3A%22feed%22%2C%22from_url_id%22%3A%22%22%7D,Ea7E,0.0
166,166,166,9Yo,https://img.xinxinapp.net/community/imgs/20190611/a7b9434eca5d9bc42b8c3b4fcd1ffad2_750x750.jpeg?imageView2/0/w/600/h/600/interlace/1%7cimageMogr2/format/jpg,CPB/肌肤之钥 极光流彩四色眼影4g #302,--,xinxin://www.xinxinapp.cn?route=goodsDetail&id=b2Jm&goods_id=9Yo&flag=2#%7B%22from%22%3A%22tradeGoodsList%22%2C%22block%22%3A%22feed%22%2C%22from_url_id%22%3A%22%22%7D,b2Jm,0.0
167,167,167,9Yo,https://img.xinxinapp.net/community/imgs/20190611/7c951751bb4f921b6cc964a4acde46a2_750x750.jpeg?imageView2/0/w/600/h/600/interlace/1%7cimageMogr2/format/jpg,CPB/肌肤之钥 极光流彩四色眼影4g #306,--,xinxin://www.xinxinapp.cn?route=goodsDetail&id=VJXl&goods_id=9Yo&flag=2#%7B%22from%22%3A%22tradeGoodsList%22%2C%22block%22%3A%22feed%22%2C%22from_url_id%22%3A%22%22%7D,VJXl,0.0
168,168,168,9Yo,https://img.xinxinapp.net/community/imgs/20190611/4837f35bc1fcd6d270a4d57115794899_750x750.jpeg?imageView2/0/w/600/h/600/interlace/1%7cimageMogr2/format/jpg,CPB/肌肤之钥 极光流彩四色眼影4g #309,--,xinxin://www.xinxinapp.cn?route=goodsDetail&id=x9w0&goods_id=9Yo&flag=2#%7B%22from%22%3A%22tradeGoodsList%22%2C%22block%22%3A%22feed%22%2C%22from_url_id%22%3A%22%22%7D,x9w0,0.0
169,169,169,9Yo,https://img.xinxinapp.net/community/imgs/20190611/81cb5f5bc883dddb49d844e3c2f017da_750x750.jpeg?imageView2/0/w/600/h/600/interlace/1%7cimageMogr2/format/jpg,CPB/肌肤之钥 极光流彩四色眼影4g #312,--,xinxin://www.xinxinapp.cn?route=goodsDetail&id=RkDN&goods_id=9Yo&flag=2#%7B%22from%22%3A%22tradeGoodsList%22%2C%22block%22%3A%22feed%22%2C%22from_url_id%22%3A%22%22%7D,RkDN,0.0
170,170,170,9Yo,https://img.xinxinapp.net/community/imgs/20190611/62074606be592024e56a1aecf1413a5c_750x750.jpeg?imageView2/0/w/600/h/600/interlace/1%7cimageMogr2/format/jpg,CPB/肌肤之钥 极光流彩四色眼影4g #303,--,xinxin://www.xinxinapp.cn?route=goodsDetail&id=PdRz&goods_id=9Yo&flag=2#%7B%22from%22%3A%22tradeGoodsList%22%2C%22block%22%3A%22feed%22%2C%22from_url_id%22%3A%22%22%7D,PdRz,0.0
171,171,171,9Yo,https://img.xinxinapp.net/community/imgs/20190611/2ef0c2085bf20e442028255d808b9671_750x750.jpeg?imageView2/0/w/600/h/600/interlace/1%7cimageMogr2/format/jpg,CPB/肌肤之钥 极光流彩四色眼影4g #304,--,xinxin://www.xinxinapp.cn?route=goodsDetail&id=5wRw&goods_id=9Yo&flag=2#%7B%22from%22%3A%22tradeGoodsList%22%2C%22block%22%3A%22feed%22%2C%22from_url_id%22%3A%22%22%7D,5wRw,0.0
172,172,172,9Yo,https://img.xinxinapp.net/community/imgs/20190611/5246617db646e0cb773e013669530a16_750x750.jpeg?imageView2/0/w/600/h/600/interlace/1%7cimageMogr2/format/jpg,CPB/肌肤之钥 极光流彩四色眼影4g #307,--,xinxin://www.xinxinapp.cn?route=goodsDetail&id=ZNJo&goods_id=9Yo&flag=2#%7B%22from%22%3A%22tradeGoodsList%22%2C%22block%22%3A%22feed%22%2C%22from_url_id%22%3A%22%22%7D,ZNJo,0.0
173,173,173,9Yo,https://img.xinxinapp.net/community/imgs/20190611/4e196f47c54c27261586353790457ab4_750x750.jpeg?imageView2/0/w/600/h/600/interlace/1%7cimageMogr2/format/jpg,CPB/肌肤之钥 极光流彩四色眼影4g #310,--,xinxin://www.xinxinapp.cn?route=goodsDetail&id=9NdQ&goods_id=9Yo&flag=2#%7B%22from%22%3A%22tradeGoodsList%22%2C%22block%22%3A%22feed%22%2C%22from_url_id%22%3A%22%22%7D,9NdQ,0.0
174,174,174,9Yo,https://img.xinxinapp.net/community/imgs/20190611/a9b44f0070da6f9e102565ea079b9fbe_750x750.jpeg?imageView2/0/w/600/h/600/interlace/1%7cimageMogr2/format/jpg,CPB/肌肤之钥 极光流彩四色眼影4g #313,--,xinxin://www.xinxinapp.cn?route=goodsDetail&id=N69Q&goods_id=9Yo&flag=2#%7B%22from%22%3A%22tradeGoodsList%22%2C%22block%22%3A%22feed%22%2C%22from_url_id%22%3A%22%22%7D,N69Q,0.0
175,175,175,9Yo,https://img.xinxinapp.net/community/imgs/20190611/4ce076591ab0cbbd339b8e3e8071da12_750x750.jpeg?imageView2/0/w/600/h/600/interlace/1%7cimageMogr2/format/jpg,CPB/肌肤之钥 极光流彩四色眼影4g #315,--,xinxin://www.xinxinapp.cn?route=goodsDetail&id=D10e&goods_id=9Yo&flag=2#%7B%22from%22%3A%22tradeGoodsList%22%2C%22block%22%3A%22feed%22%2C%22from_url_id%22%3A%22%22%7D,D10e,0.0
176,176,176,lOr,https://img.xinxinapp.net/community/imgs/20190614/8d599ad6a5defd22a9f09141aa2b9dac_750x750.jpeg?imageView2/0/w/600/h/600/interlace/1%7cimageMogr2/format/jpg,KATE/凯朵 立体棕影眼影盒2.2g #BR-01/珠光棕,--,xinxin://www.xinxinapp.cn?route=goodsDetail&id=2NJ8&goods_id=lOr&flag=2#%7B%22from%22%3A%22tradeGoodsList%22%2C%22block%22%3A%22feed%22%2C%22from_url_id%22%3A%22%22%7D,2NJ8,0.0
177,177,177,lOr,https://img.xinxinapp.net/community/imgs/20190614/a10bf4977674404fed9c819e63e594ab_750x750.jpeg?imageView2/0/w/600/h/600/interlace/1%7cimageMogr2/format/jpg,KATE/凯朵 立体棕影眼影盒2.2g BR-05/闪耀棕,--,xinxin://www.xinxinapp.cn?route=goodsDetail&id=w23D&goods_id=lOr&flag=2#%7B%22from%22%3A%22tradeGoodsList%22%2C%22block%22%3A%22feed%22%2C%22from_url_id%22%3A%22%22%7D,w23D,0.0
178,178,178,lOr,https://img.xinxinapp.net/community/imgs/20190614/272b70ecc0568bc427faff0e8dc6b605_750x750.jpeg?imageView2/0/w/600/h/600/interlace/1%7cimageMogr2/format/jpg,KATE/凯朵 立体棕影眼影盒2.2g BR-02/碎金棕,--,xinxin://www.xinxinapp.cn?route=goodsDetail&id=rbXz&goods_id=lOr&flag=2#%7B%22from%22%3A%22tradeGoodsList%22%2C%22block%22%3A%22feed%22%2C%22from_url_id%22%3A%22%22%7D,rbXz,0.0
179,179,179,lOr,https://img.xinxinapp.net/community/imgs/20190614/ea179dcc99e3519393eea256b65c5b07_750x750.jpeg?imageView2/0/w/600/h/600/interlace/1%7cimageMogr2/format/jpg,KATE/凯朵 立体棕影眼影盒2.2g BR-06/哑光棕,--,xinxin://www.xinxinapp.cn?route=goodsDetail&id=8QYG&goods_id=lOr&flag=2#%7B%22from%22%3A%22tradeGoodsList%22%2C%22block%22%3A%22feed%22%2C%22from_url_id%22%3A%22%22%7D,8QYG,0.0
180,180,180,lOr,https://img.xinxinapp.net/community/imgs/20190614/f9a65d3008d7c5f494ad16bd4b15e6f1_750x750.jpeg?imageView2/0/w/600/h/600/interlace/1%7cimageMogr2/format/jpg,KATE/凯朵 立体棕影眼影盒2.2g BR-03 /暖茶棕,--,xinxin://www.xinxinapp.cn?route=goodsDetail&id=o8Xk&goods_id=lOr&flag=2#%7B%22from%22%3A%22tradeGoodsList%22%2C%22block%22%3A%22feed%22%2C%22from_url_id%22%3A%22%22%7D,o8Xk,0.0
181,181,181,lOr,https://img.xinxinapp.net/community/imgs/20190614/621ceae8cbd0968ddae4336c88a0840e_750x750.jpeg?imageView2/0/w/600/h/600/interlace/1%7cimageMogr2/format/jpg,KATE/凯朵 立体棕影眼影盒2.2g BR-07/红棕色,--,xinxin://www.xinxinapp.cn?route=goodsDetail&id=0pYg&goods_id=lOr&flag=2#%7B%22from%22%3A%22tradeGoodsList%22%2C%22block%22%3A%22feed%22%2C%22from_url_id%22%3A%22%22%7D,0pYg,0.0
182,182,182,111,https://img.xinxinapp.net/community/imgs/20190614/9ab61fc150f47d1cec5fa2bc967683bc_750x750.jpeg?imageView2/0/w/600/h/600/interlace/1%7cimageMogr2/format/jpg,KATE/凯朵 棕影双效立体眼影盒3g BR-1/珠光棕,--,xinxin://www.xinxinapp.cn?route=goodsDetail&id=Jwqq&goods_id=111&flag=2#%7B%22from%22%3A%22tradeGoodsList%22%2C%22block%22%3A%22feed%22%2C%22from_url_id%22%3A%22%22%7D,Jwqq,0.0
183,183,183,111,https://img.xinxinapp.net/community/imgs/20190614/f894a5b2605344f5e45477a562dfda30_750x750.jpeg?imageView2/0/w/600/h/600/interlace/1%7cimageMogr2/format/jpg,KATE/凯朵 棕影双效立体眼影盒3g BR-5/赤褐棕,--,xinxin://www.xinxinapp.cn?route=goodsDetail&id=G2qE&goods_id=111&flag=2#%7B%22from%22%3A%22tradeGoodsList%22%2C%22block%22%3A%22feed%22%2C%22from_url_id%22%3A%22%22%7D,G2qE,0.0
184,184,184,111,https://img.xinxinapp.net/community/imgs/20190614/9e473d822aa1fcaf4b44b6f2dbe0e14f_750x750.jpeg?imageView2/0/w/600/h/600/interlace/1%7cimageMogr2/format/jpg,KATE/凯朵 棕影双效立体眼影盒3g BR-2/碎金棕,--,xinxin://www.xinxinapp.cn?route=goodsDetail&id=mk7X&goods_id=111&flag=2#%7B%22from%22%3A%22tradeGoodsList%22%2C%22block%22%3A%22feed%22%2C%22from_url_id%22%3A%22%22%7D,mk7X,0.0
185,185,185,111,https://img.xinxinapp.net/community/imgs/20190614/ea058513b7a824518cf18d7c94d74a43_750x750.jpeg?imageView2/0/w/600/h/600/interlace/1%7cimageMogr2/format/jpg,KATE/凯朵 棕影双效立体眼影盒3g BR-6/ 哑光棕,--,xinxin://www.xinxinapp.cn?route=goodsDetail&id=31VE&goods_id=111&flag=2#%7B%22from%22%3A%22tradeGoodsList%22%2C%22block%22%3A%22feed%22%2C%22from_url_id%22%3A%22%22%7D,31VE,0.0
186,186,186,111,https://img.xinxinapp.net/community/imgs/20190614/b0fadb0dd03d76283cb79a2869a8b664_750x750.jpeg?imageView2/0/w/600/h/600/interlace/1%7cimageMogr2/format/jpg,KATE/凯朵 棕影双效立体眼影盒3g BR-3/暖茶棕,--,xinxin://www.xinxinapp.cn?route=goodsDetail&id=q7kE&goods_id=111&flag=2#%7B%22from%22%3A%22tradeGoodsList%22%2C%22block%22%3A%22feed%22%2C%22from_url_id%22%3A%22%22%7D,q7kE,0.0
187,187,187,111,https://img.xinxinapp.net/community/imgs/20190614/fbfce8c7fde2d9d35f2b6605e66a4f3e_750x750.jpeg?imageView2/0/w/600/h/600/interlace/1%7cimageMogr2/format/jpg,KATE/凯朵 棕影双效立体眼影盒3g BR-4/紫铜棕,--,xinxin://www.xinxinapp.cn?route=goodsDetail&id=OPqr&goods_id=111&flag=2#%7B%22from%22%3A%22tradeGoodsList%22%2C%22block%22%3A%22feed%22%2C%22from_url_id%22%3A%22%22%7D,OPqr,0.0
188,188,188,81q,https://img.xinxinapp.net/community/imgs/20190612/dd19f9125db59eb0fdf0814b8d2e349b_297x374.png?imageView2/0/w/600/h/600/interlace/1%7cimageMogr2/format/jpg,NYX 16色眼影0.83g Brights,--,xinxin://www.xinxinapp.cn?route=goodsDetail&id=LoYB&goods_id=81q&flag=2#%7B%22from%22%3A%22tradeGoodsList%22%2C%22block%22%3A%22feed%22%2C%22from_url_id%22%3A%22%22%7D,LoYB,68.0
189,189,189,81q,https://img.xinxinapp.net/community/imgs/20190612/df24b5b72dbed322456175ea8b41c6fc_273x391.png?imageView2/0/w/600/h/600/interlace/1%7cimageMogr2/format/jpg,NYX 16色眼影0.83g Smokey &Highlight,--,xinxin://www.xinxinapp.cn?route=goodsDetail&id=J2PG&goods_id=81q&flag=2#%7B%22from%22%3A%22tradeGoodsList%22%2C%22block%22%3A%22feed%22%2C%22from_url_id%22%3A%22%22%7D,J2PG,68.0
190,190,190,81q,https://img.xinxinapp.net/community/imgs/20190612/6b11765d2a2a6e46fe6e93e96706632f_312x407.png?imageView2/0/w/600/h/600/interlace/1%7cimageMogr2/format/jpg,NYX 16色眼影0.83g Cool Neutrals,--,xinxin://www.xinxinapp.cn?route=goodsDetail&id=nvpX&goods_id=81q&flag=2#%7B%22from%22%3A%22tradeGoodsList%22%2C%22block%22%3A%22feed%22%2C%22from_url_id%22%3A%22%22%7D,nvpX,68.0
191,191,191,81q,https://img.xinxinapp.net/community/imgs/20190612/a17194bb8b529dcfcd02d62ffc2b41e9_750x750.jpeg?imageView2/0/w/600/h/600/interlace/1%7cimageMogr2/format/jpg,NYX 16色眼影0.83g Ash,--,xinxin://www.xinxinapp.cn?route=goodsDetail&id=q1pv&goods_id=81q&flag=2#%7B%22from%22%3A%22tradeGoodsList%22%2C%22block%22%3A%22feed%22%2C%22from_url_id%22%3A%22%22%7D,q1pv,68.0
192,192,192,oA1,https://img.xinxinapp.net/community/imgs/20190612/db074981a6d9a79c95d994a71edf3f1a_800x800.jpeg?imageView2/0/w/600/h/600/interlace/1%7cimageMogr2/format/jpg,NARS 双色眼影2.2g Caravaggio,--,xinxin://www.xinxinapp.cn?route=goodsDetail&id=Yrkw&goods_id=oA1&flag=2#%7B%22from%22%3A%22tradeGoodsList%22%2C%22block%22%3A%22feed%22%2C%22from_url_id%22%3A%22%22%7D,Yrkw,14.0
193,193,193,oA1,https://img.xinxinapp.net/community/imgs/20190612/afc152914cceac93fb8dac4b2ab66e0e_800x800.jpeg?imageView2/0/w/600/h/600/interlace/1%7cimageMogr2/format/jpg,NARS 双色眼影2.2g Debauched,--,xinxin://www.xinxinapp.cn?route=goodsDetail&id=p7dd&goods_id=oA1&flag=2#%7B%22from%22%3A%22tradeGoodsList%22%2C%22block%22%3A%22feed%22%2C%22from_url_id%22%3A%22%22%7D,p7dd,14.0
194,194,194,oA1,https://img.xinxinapp.net/community/imgs/20190612/9f333e2de39ea77fe7c9f971abf3e223_800x800.jpeg?imageView2/0/w/600/h/600/interlace/1%7cimageMogr2/format/jpg,NARS 双色眼影2.2g Dolomites,--,xinxin://www.xinxinapp.cn?route=goodsDetail&id=X2br&goods_id=oA1&flag=2#%7B%22from%22%3A%22tradeGoodsList%22%2C%22block%22%3A%22feed%22%2C%22from_url_id%22%3A%22%22%7D,X2br,14.0
195,195,195,oA1,https://img.xinxinapp.net/community/imgs/20190612/5c01b4290266d4c62978bc369fb16363_800x800.jpeg?imageView2/0/w/600/h/600/interlace/1%7cimageMogr2/format/jpg,NARS 双色眼影2.2g Grand Palais,--,xinxin://www.xinxinapp.cn?route=goodsDetail&id=YrP0&goods_id=oA1&flag=2#%7B%22from%22%3A%22tradeGoodsList%22%2C%22block%22%3A%22feed%22%2C%22from_url_id%22%3A%22%22%7D,YrP0,14.0
196,196,196,oA1,https://img.xinxinapp.net/community/imgs/20190612/4c9cc244d1d3063aa85bf6e93036a508_800x800.jpeg?imageView2/0/w/600/h/600/interlace/1%7cimageMogr2/format/jpg,NARS 双色眼影2.2g Mad Mad World,--,xinxin://www.xinxinapp.cn?route=goodsDetail&id=a6OX&goods_id=oA1&flag=2#%7B%22from%22%3A%22tradeGoodsList%22%2C%22block%22%3A%22feed%22%2C%22from_url_id%22%3A%22%22%7D,a6OX,14.0
197,197,197,oA1,https://img.xinxinapp.net/community/imgs/20190612/1aacdf46d5998f55fc6dcd8d075cf55e_800x800.jpeg?imageView2/0/w/600/h/600/interlace/1%7cimageMogr2/format/jpg,NARS 双色眼影2.2g Misfit,--,xinxin://www.xinxinapp.cn?route=goodsDetail&id=mwrA&goods_id=oA1&flag=2#%7B%22from%22%3A%22tradeGoodsList%22%2C%22block%22%3A%22feed%22%2C%22from_url_id%22%3A%22%22%7D,mwrA,14.0
198,198,198,oA1,https://img.xinxinapp.net/community/imgs/20190612/a97acf80cec540ff5bb8081a2288ae40_800x800.jpeg?imageView2/0/w/600/h/600/interlace/1%7cimageMogr2/format/jpg,NARS 双色眼影2.2g Paramaribo,--,xinxin://www.xinxinapp.cn?route=goodsDetail&id=GLnL&goods_id=oA1&flag=2#%7B%22from%22%3A%22tradeGoodsList%22%2C%22block%22%3A%22feed%22%2C%22from_url_id%22%3A%22%22%7D,GLnL,14.0
199,199,199,oA1,https://img.xinxinapp.net/community/imgs/20190612/b56262ab6bc3b82b451adb42a7697919_750x750.jpeg?imageView2/0/w/600/h/600/interlace/1%7cimageMogr2/format/jpg,NARS 双色眼影2.2g TAIGA,--,xinxin://www.xinxinapp.cn?route=goodsDetail&id=1ez1&goods_id=oA1&flag=2#%7B%22from%22%3A%22tradeGoodsList%22%2C%22block%22%3A%22feed%22%2C%22from_url_id%22%3A%22%22%7D,1ez1,14.0
200,200,200,oA1,https://img.xinxinapp.net/community/imgs/20190612/377503f81b11b4810acbcc497ab34fc1_800x800.jpeg?imageView2/0/w/600/h/600/interlace/1%7cimageMogr2/format/jpg,NARS 双色眼影2.2g Chiang Mai,--,xinxin://www.xinxinapp.cn?route=goodsDetail&id=6ogK&goods_id=oA1&flag=2#%7B%22from%22%3A%22tradeGoodsList%22%2C%22block%22%3A%22feed%22%2C%22from_url_id%22%3A%22%22%7D,6ogK,14.0
201,201,201,oA1,https://img.xinxinapp.net/community/imgs/20190612/5fdb101a6ff996e44015b1986f94728d_800x800.jpeg?imageView2/0/w/600/h/600/interlace/1%7cimageMogr2/format/jpg,NARS 双色眼影2.2g Demon Lover,--,xinxin://www.xinxinapp.cn?route=goodsDetail&id=a61L&goods_id=oA1&flag=2#%7B%22from%22%3A%22tradeGoodsList%22%2C%22block%22%3A%22feed%22%2C%22from_url_id%22%3A%22%22%7D,a61L,14.0
202,202,202,oA1,https://img.xinxinapp.net/community/imgs/20190612/daff382e2f20e463550f0c4247e77654_800x800.jpeg?imageView2/0/w/600/h/600/interlace/1%7cimageMogr2/format/jpg,NARS 双色眼影2.2g Exotic Dance,--,xinxin://www.xinxinapp.cn?route=goodsDetail&id=e6RL&goods_id=oA1&flag=2#%7B%22from%22%3A%22tradeGoodsList%22%2C%22block%22%3A%22feed%22%2C%22from_url_id%22%3A%22%22%7D,e6RL,14.0
203,203,203,oA1,https://img.xinxinapp.net/community/imgs/20190612/27bfa83a73f2229903ae69d05964e365_800x800.jpeg?imageView2/0/w/600/h/600/interlace/1%7cimageMogr2/format/jpg,NARS 双色眼影2.2g Indes Galantes,--,xinxin://www.xinxinapp.cn?route=goodsDetail&id=6o19&goods_id=oA1&flag=2#%7B%22from%22%3A%22tradeGoodsList%22%2C%22block%22%3A%22feed%22%2C%22from_url_id%22%3A%22%22%7D,6o19,14.0
204,204,204,oA1,https://img.xinxinapp.net/community/imgs/20190612/2cf5f9bfaccf5a638d38669c9ef3b725_800x800.jpeg?imageView2/0/w/600/h/600/interlace/1%7cimageMogr2/format/jpg,NARS 双色眼影2.2g Mandchourie,--,xinxin://www.xinxinapp.cn?route=goodsDetail&id=nkoZ&goods_id=oA1&flag=2#%7B%22from%22%3A%22tradeGoodsList%22%2C%22block%22%3A%22feed%22%2C%22from_url_id%22%3A%22%22%7D,nkoZ,14.0
205,205,205,oA1,https://img.xinxinapp.net/community/imgs/20190612/e6d5bf26aa69895f229385b17ee80b23_800x800.jpeg?imageView2/0/w/600/h/600/interlace/1%7cimageMogr2/format/jpg,NARS 双色眼影2.2g Montparnasse,--,xinxin://www.xinxinapp.cn?route=goodsDetail&id=qb0e&goods_id=oA1&flag=2#%7B%22from%22%3A%22tradeGoodsList%22%2C%22block%22%3A%22feed%22%2C%22from_url_id%22%3A%22%22%7D,qb0e,14.0
206,206,206,oA1,https://img.xinxinapp.net/community/imgs/20190612/a53d3833901cb0cadbabdaf6331d07a5_800x800.jpeg?imageView2/0/w/600/h/600/interlace/1%7cimageMogr2/format/jpg,NARS 双色眼影2.2g Quai Des Brumes,--,xinxin://www.xinxinapp.cn?route=goodsDetail&id=3KpX&goods_id=oA1&flag=2#%7B%22from%22%3A%22tradeGoodsList%22%2C%22block%22%3A%22feed%22%2C%22from_url_id%22%3A%22%22%7D,3KpX,14.0
207,207,207,oA1,https://img.xinxinapp.net/community/imgs/20190612/aea78cd80ca27c879d8c7581a4b5ec0a_800x800.jpeg?imageView2/0/w/600/h/600/interlace/1%7cimageMogr2/format/jpg,NARS 双色眼影2.2g Tropical Princess,--,xinxin://www.xinxinapp.cn?route=goodsDetail&id=ABmz&goods_id=oA1&flag=2#%7B%22from%22%3A%22tradeGoodsList%22%2C%22block%22%3A%22feed%22%2C%22from_url_id%22%3A%22%22%7D,ABmz,14.0
208,208,208,oA1,https://img.xinxinapp.net/community/imgs/20190809/3a063f22385a4f77b8cdcd2b4fa26b7a_750x750.jpeg?imageView2/0/w/600/h/600/interlace/1%7cimageMogr2/format/jpg,NARS 双色眼影2.2g Key Largo,--,xinxin://www.xinxinapp.cn?route=goodsDetail&id=vOew&goods_id=oA1&flag=2#%7B%22from%22%3A%22tradeGoodsList%22%2C%22block%22%3A%22feed%22%2C%22from_url_id%22%3A%22%22%7D,vOew,14.0
209,209,209,oA1,https://img.xinxinapp.net/community/imgs/20190612/759736af1b7071f7ae153bc9cadae226_750x750.jpeg?imageView2/0/w/600/h/600/interlace/1%7cimageMogr2/format/jpg,NARS 双色眼影2.2g Kauai,--,xinxin://www.xinxinapp.cn?route=goodsDetail&id=xAAd&goods_id=oA1&flag=2#%7B%22from%22%3A%22tradeGoodsList%22%2C%22block%22%3A%22feed%22%2C%22from_url_id%22%3A%22%22%7D,xAAd,14.0
210,210,210,oA1,https://img.xinxinapp.net/community/imgs/20190612/028eaa311ba5cf7576e0bbba9c9a482a_800x800.jpeg?imageView2/0/w/600/h/600/interlace/1%7cimageMogr2/format/jpg,NARS 双色眼影2.2g 413 BLKR,--,xinxin://www.xinxinapp.cn?route=goodsDetail&id=g6L3&goods_id=oA1&flag=2#%7B%22from%22%3A%22tradeGoodsList%22%2C%22block%22%3A%22feed%22%2C%22from_url_id%22%3A%22%22%7D,g6L3,14.0
211,211,211,oA1,https://img.xinxinapp.net/community/imgs/20190612/07dfa3024e33cc20592526a1caf2da25_800x800.jpeg?imageView2/0/w/600/h/600/interlace/1%7cimageMogr2/format/jpg,NARS 双色眼影2.2g China Seas,--,xinxin://www.xinxinapp.cn?route=goodsDetail&id=Q1b1&goods_id=oA1&flag=2#%7B%22from%22%3A%22tradeGoodsList%22%2C%22block%22%3A%22feed%22%2C%22from_url_id%22%3A%22%22%7D,Q1b1,14.0
212,212,212,oA1,https://img.xinxinapp.net/community/imgs/20190612/e491ed5090015fb580866b7553e7f264_800x800.jpeg?imageView2/0/w/600/h/600/interlace/1%7cimageMogr2/format/jpg,NARS 双色眼影2.2g Dolomites,--,xinxin://www.xinxinapp.cn?route=goodsDetail&id=nkvw&goods_id=oA1&flag=2#%7B%22from%22%3A%22tradeGoodsList%22%2C%22block%22%3A%22feed%22%2C%22from_url_id%22%3A%22%22%7D,nkvw,14.0
213,213,213,oA1,https://img.xinxinapp.net/community/imgs/20190612/e6416c45b179a3b09a8b4bd345d68792_800x800.jpeg?imageView2/0/w/600/h/600/interlace/1%7cimageMogr2/format/jpg,NARS 双色眼影2.2g Fashion Rebel,--,xinxin://www.xinxinapp.cn?route=goodsDetail&id=g6RO&goods_id=oA1&flag=2#%7B%22from%22%3A%22tradeGoodsList%22%2C%22block%22%3A%22feed%22%2C%22from_url_id%22%3A%22%22%7D,g6RO,14.0
214,214,214,oA1,https://img.xinxinapp.net/community/imgs/20190612/94aa788ebd3879d7e7ff42a95f98cae5_800x800.jpeg?imageView2/0/w/600/h/600/interlace/1%7cimageMogr2/format/jpg,NARS 双色眼影2.2g Jardin Perdu,--,xinxin://www.xinxinapp.cn?route=goodsDetail&id=Q1OG&goods_id=oA1&flag=2#%7B%22from%22%3A%22tradeGoodsList%22%2C%22block%22%3A%22feed%22%2C%22from_url_id%22%3A%22%22%7D,Q1OG,14.0
215,215,215,oA1,https://img.xinxinapp.net/community/imgs/20190612/4db24ae12dd76e593e151c37f022aa4c_800x800.jpeg?imageView2/0/w/600/h/600/interlace/1%7cimageMogr2/format/jpg,NARS 双色眼影2.2g Lost Coast,--,xinxin://www.xinxinapp.cn?route=goodsDetail&id=p78Q&goods_id=oA1&flag=2#%7B%22from%22%3A%22tradeGoodsList%22%2C%22block%22%3A%22feed%22%2C%22from_url_id%22%3A%22%22%7D,p78Q,14.0
216,216,216,oA1,https://img.xinxinapp.net/community/imgs/20190612/c5683b990555b622946f77c05b5d755f_800x800.jpeg?imageView2/0/w/600/h/600/interlace/1%7cimageMogr2/format/jpg,NARS 双色眼影2.2g Marie-Galante,--,xinxin://www.xinxinapp.cn?route=goodsDetail&id=JLgr&goods_id=oA1&flag=2#%7B%22from%22%3A%22tradeGoodsList%22%2C%22block%22%3A%22feed%22%2C%22from_url_id%22%3A%22%22%7D,JLgr,14.0
217,217,217,oA1,https://img.xinxinapp.net/community/imgs/20190612/8046f391fba9bf3bf2af71d86b17460f_800x800.jpeg?imageView2/0/w/600/h/600/interlace/1%7cimageMogr2/format/jpg,NARS 双色眼影2.2g Parallel Universe,--,xinxin://www.xinxinapp.cn?route=goodsDetail&id=O1e6&goods_id=oA1&flag=2#%7B%22from%22%3A%22tradeGoodsList%22%2C%22block%22%3A%22feed%22%2C%22from_url_id%22%3A%22%22%7D,O1e6,14.0
218,218,218,oA1,https://img.xinxinapp.net/community/imgs/20190612/fd488e7ad45afbaf33d179fa11f2b438_800x800.jpeg?imageView2/0/w/600/h/600/interlace/1%7cimageMogr2/format/jpg,NARS 双色眼影2.2g Rated R,--,xinxin://www.xinxinapp.cn?route=goodsDetail&id=yxB7&goods_id=oA1&flag=2#%7B%22from%22%3A%22tradeGoodsList%22%2C%22block%22%3A%22feed%22%2C%22from_url_id%22%3A%22%22%7D,yxB7,14.0
219,219,219,oA1,https://img.xinxinapp.net/community/imgs/20190612/ea71b3672f16ac78f9ffbe82ec674388_750x750.jpeg?imageView2/0/w/600/h/600/interlace/1%7cimageMogr2/format/jpg,NARS 双色眼影2.2g South Pacific,--,xinxin://www.xinxinapp.cn?route=goodsDetail&id=lokr&goods_id=oA1&flag=2#%7B%22from%22%3A%22tradeGoodsList%22%2C%22block%22%3A%22feed%22%2C%22from_url_id%22%3A%22%22%7D,lokr,14.0
220,220,220,oA1,https://img.xinxinapp.net/community/imgs/20190612/be8f5ae0bb91fc175905396ec2032a48_800x800.jpeg?imageView2/0/w/600/h/600/interlace/1%7cimageMogr2/format/jpg,NARS 双色眼影2.2g Vent Glace,--,xinxin://www.xinxinapp.cn?route=goodsDetail&id=krKY&goods_id=oA1&flag=2#%7B%22from%22%3A%22tradeGoodsList%22%2C%22block%22%3A%22feed%22%2C%22from_url_id%22%3A%22%22%7D,krKY,14.0
221,221,221,vbD,https://img.xinxinapp.net/community/imgs/20190611/a22378b4654643384b09951d179620d3_750x750.jpeg?imageView2/0/w/600/h/600/interlace/1%7cimageMogr2/format/jpg,CHANEL/香奈儿 四色眼影 #288,--,xinxin://www.xinxinapp.cn?route=goodsDetail&id=0ggG&goods_id=vbD&flag=2#%7B%22from%22%3A%22tradeGoodsList%22%2C%22block%22%3A%22feed%22%2C%22from_url_id%22%3A%22%22%7D,0ggG,12.0
222,222,222,vbD,https://img.xinxinapp.net/community/imgs/20190612/8e6b37e7e6d29aae9e912b58492c3758_750x750.jpeg?imageView2/0/w/600/h/600/interlace/1%7cimageMogr2/format/jpg,CHANEL/香奈儿 四色眼影 #304,--,xinxin://www.xinxinapp.cn?route=goodsDetail&id=DNkr&goods_id=vbD&flag=2#%7B%22from%22%3A%22tradeGoodsList%22%2C%22block%22%3A%22feed%22%2C%22from_url_id%22%3A%22%22%7D,DNkr,12.0
223,223,223,vbD,https://img.xinxinapp.net/community/imgs/20190612/3865ab4ccf14e8ff160556e0e177d19e_750x750.jpeg?imageView2/0/w/600/h/600/interlace/1%7cimageMogr2/format/jpg,CHANEL/香奈儿 四色眼影 #302,--,xinxin://www.xinxinapp.cn?route=goodsDetail&id=RPyv&goods_id=vbD&flag=2#%7B%22from%22%3A%22tradeGoodsList%22%2C%22block%22%3A%22feed%22%2C%22from_url_id%22%3A%22%22%7D,RPyv,12.0
224,224,224,vbD,https://img.xinxinapp.net/community/imgs/20190612/49501e5478464107dd49b55310baa31a_750x750.jpeg?imageView2/0/w/600/h/600/interlace/1%7cimageMogr2/format/jpg,CHANEL/香奈儿 四色眼影 #274,--,xinxin://www.xinxinapp.cn?route=goodsDetail&id=N8x0&goods_id=vbD&flag=2#%7B%22from%22%3A%22tradeGoodsList%22%2C%22block%22%3A%22feed%22%2C%22from_url_id%22%3A%22%22%7D,N8x0,12.0
225,225,225,rw8,https://img.xinxinapp.net/community/imgs/20190612/de6d1ee16ffefc93dec1b2b1856acdb1_750x750.jpeg?imageView2/0/w/600/h/600/interlace/1%7cimageMogr2/format/jpg,YSL/圣罗兰 五色眼影5g #02,--,xinxin://www.xinxinapp.cn?route=goodsDetail&id=YwO6&goods_id=rw8&flag=2#%7B%22from%22%3A%22tradeGoodsList%22%2C%22block%22%3A%22feed%22%2C%22from_url_id%22%3A%22%22%7D,YwO6,0.0
226,226,226,rw8,https://img.xinxinapp.net/community/imgs/20190612/de4a30d842d177213fd48ccb053a9936_750x750.jpeg?imageView2/0/w/600/h/600/interlace/1%7cimageMogr2/format/jpg,YSL/圣罗兰 五色眼影5g #09,--,xinxin://www.xinxinapp.cn?route=goodsDetail&id=alme&goods_id=rw8&flag=2#%7B%22from%22%3A%22tradeGoodsList%22%2C%22block%22%3A%22feed%22%2C%22from_url_id%22%3A%22%22%7D,alme,0.0
227,227,227,rw8,https://img.xinxinapp.net/community/imgs/20190612/7956799b993205ed47d0c0e1f9368b82_750x750.jpeg?imageView2/0/w/600/h/600/interlace/1%7cimageMogr2/format/jpg,YSL/圣罗兰 五色眼影5g #10,--,xinxin://www.xinxinapp.cn?route=goodsDetail&id=n1yo&goods_id=rw8&flag=2#%7B%22from%22%3A%22tradeGoodsList%22%2C%22block%22%3A%22feed%22%2C%22from_url_id%22%3A%22%22%7D,n1yo,0.0
228,228,228,rw8,https://img.xinxinapp.net/community/imgs/20190624/d011018f37b138c7ce2ac98624dfc3c5_750x750.jpeg?imageView2/0/w/600/h/600/interlace/1%7cimageMogr2/format/jpg,YSL/圣罗兰 五色眼影5g #07,--,xinxin://www.xinxinapp.cn?route=goodsDetail&id=xLkK&goods_id=rw8&flag=2#%7B%22from%22%3A%22tradeGoodsList%22%2C%22block%22%3A%22feed%22%2C%22from_url_id%22%3A%22%22%7D,xLkK,0.0
229,229,229,rw8,https://img.xinxinapp.net/community/imgs/20190612/19aba8a3c6bdd83e0db828991d50da0f_750x750.jpeg?imageView2/0/w/600/h/600/interlace/1%7cimageMogr2/format/jpg,YSL/圣罗兰 五色眼影5g #01,--,xinxin://www.xinxinapp.cn?route=goodsDetail&id=gwyL&goods_id=rw8&flag=2#%7B%22from%22%3A%22tradeGoodsList%22%2C%22block%22%3A%22feed%22%2C%22from_url_id%22%3A%22%22%7D,gwyL,0.0
230,230,230,rw8,https://img.xinxinapp.net/community/imgs/20190612/6eae61bf6a40efbba971ffdf2f630838_750x750.jpeg?imageView2/0/w/600/h/600/interlace/1%7cimageMogr2/format/jpg,YSL/圣罗兰 五色眼影5g #05,--,xinxin://www.xinxinapp.cn?route=goodsDetail&id=Q5m8&goods_id=rw8&flag=2#%7B%22from%22%3A%22tradeGoodsList%22%2C%22block%22%3A%22feed%22%2C%22from_url_id%22%3A%22%22%7D,Q5m8,0.0
231,231,231,rw8,https://img.xinxinapp.net/community/imgs/20190612/679e448d90eaea797f3909f7fca83d6c_750x750.jpeg?imageView2/0/w/600/h/600/interlace/1%7cimageMogr2/format/jpg,YSL/圣罗兰 五色眼影5g #08,--,xinxin://www.xinxinapp.cn?route=goodsDetail&id=peyY&goods_id=rw8&flag=2#%7B%22from%22%3A%22tradeGoodsList%22%2C%22block%22%3A%22feed%22%2C%22from_url_id%22%3A%22%22%7D,peyY,0.0
232,232,232,AQb,https://img.xinxinapp.net/community/imgs/20190613/ee59f682602a4bff4425bb849df71f2e_750x750.jpeg?imageView2/0/w/600/h/600/interlace/1%7cimageMogr2/format/jpg,NARS 双色眼影（新品）2.2g #Portobello/雾面淡褐色/柔和雾面蘑菇,--,xinxin://www.xinxinapp.cn?route=goodsDetail&id=GGwN&goods_id=AQb&flag=2#%7B%22from%22%3A%22tradeGoodsList%22%2C%22block%22%3A%22feed%22%2C%22from_url_id%22%3A%22%22%7D,GGwN,0.0
233,233,233,AQb,https://img.xinxinapp.net/community/imgs/20190613/37c2ebad403073b45079e51f2c6151be_750x750.jpeg?imageView2/0/w/600/h/600/interlace/1%7cimageMogr2/format/jpg,NARS 双色眼影（新品）2.2g #Thessalonique/彩虹贝壳粉/彩虹烟熏紫,--,xinxin://www.xinxinapp.cn?route=goodsDetail&id=l81d&goods_id=AQb&flag=2#%7B%22from%22%3A%22tradeGoodsList%22%2C%22block%22%3A%22feed%22%2C%22from_url_id%22%3A%22%22%7D,l81d,0.0
234,234,234,AQb,https://img.xinxinapp.net/community/imgs/20190613/d76b3a68ab4f7188b6579f2e6074cf03_750x750.jpeg?imageView2/0/w/600/h/600/interlace/1%7cimageMogr2/format/jpg,NARS 双色眼影（新品）2.2g #Alhambra/闪闪发光的玫瑰金/闪耀香槟,--,xinxin://www.xinxinapp.cn?route=goodsDetail&id=60zB&goods_id=AQb&flag=2#%7B%22from%22%3A%22tradeGoodsList%22%2C%22block%22%3A%22feed%22%2C%22from_url_id%22%3A%22%22%7D,60zB,0.0
235,235,235,AQb,https://img.xinxinapp.net/community/imgs/20190613/e2c8e4357a680b5877561425b8c442dd_750x750.jpeg?imageView2/0/w/600/h/600/interlace/1%7cimageMogr2/format/jpg,NARS 双色眼影（新品）2.2g #Hammamet/雾面米色/古铜色玫瑰,--,xinxin://www.xinxinapp.cn?route=goodsDetail&id=m0Kb&goods_id=AQb&flag=2#%7B%22from%22%3A%22tradeGoodsList%22%2C%22block%22%3A%22feed%22%2C%22from_url_id%22%3A%22%22%7D,m0Kb,0.0
236,236,236,AQb,https://img.xinxinapp.net/community/imgs/20190613/eb1a2416bccce2c40e0a6e04a72f479a_750x750.jpeg?imageView2/0/w/600/h/600/interlace/1%7cimageMogr2/format/jpg,NARS 双色眼影（新品）2.2g #Silk Road/冰冷的粉红色/玫瑰金色金色斑点,--,xinxin://www.xinxinapp.cn?route=goodsDetail&id=3ogl&goods_id=AQb&flag=2#%7B%22from%22%3A%22tradeGoodsList%22%2C%22block%22%3A%22feed%22%2C%22from_url_id%22%3A%22%22%7D,3ogl,0.0
237,237,237,AQb,https://img.xinxinapp.net/community/imgs/20190613/5b53dd4560d2e02d649f01526cedbc20_750x750.jpeg?imageView2/0/w/600/h/600/interlace/1%7cimageMogr2/format/jpg,NARS 双色眼影（新品）2.2g #Tzarine/闪亮的铂金/闪耀蓝灰色,--,xinxin://www.xinxinapp.cn?route=goodsDetail&id=12Xk&goods_id=AQb&flag=2#%7B%22from%22%3A%22tradeGoodsList%22%2C%22block%22%3A%22feed%22%2C%22from_url_id%22%3A%22%22%7D,12Xk,0.0
238,238,238,AQb,https://img.xinxinapp.net/community/imgs/20190613/67e8dcaa30238f1fa1bca85ec908f6cd_750x750.jpeg?imageView2/0/w/600/h/600/interlace/1%7cimageMogr2/format/jpg,NARS 双色眼影（新品）2.2g #Charade/雾面烟熏梅花/柔和紫红色,--,xinxin://www.xinxinapp.cn?route=goodsDetail&id=Q3o9&goods_id=AQb&flag=2#%7B%22from%22%3A%22tradeGoodsList%22%2C%22block%22%3A%22feed%22%2C%22from_url_id%22%3A%22%22%7D,Q3o9,0.0
239,239,239,AQb,https://img.xinxinapp.net/community/imgs/20190613/f5ca0610c00038dedc1a4cf160bb4459_750x750.jpeg?imageView2/0/w/600/h/600/interlace/1%7cimageMogr2/format/jpg,NARS 双色眼影（新品）2.2g #Kalahari/闪耀的灰褐色梅花/闪闪发光的玫瑰色青铜色,--,xinxin://www.xinxinapp.cn?route=goodsDetail&id=q5wR&goods_id=AQb&flag=2#%7B%22from%22%3A%22tradeGoodsList%22%2C%22block%22%3A%22feed%22%2C%22from_url_id%22%3A%22%22%7D,q5wR,0.0
240,240,240,AQb,https://img.xinxinapp.net/community/imgs/20190613/40b24a494d025aed6a4ce0a37b26cc15_750x750.jpeg?imageView2/0/w/600/h/600/interlace/1%7cimageMogr2/format/jpg,NARS 双色眼影（新品）2.2g #Pandora/黑/白珍珠,--,xinxin://www.xinxinapp.cn?route=goodsDetail&id=OaVX&goods_id=AQb&flag=2#%7B%22from%22%3A%22tradeGoodsList%22%2C%22block%22%3A%22feed%22%2C%22from_url_id%22%3A%22%22%7D,OaVX,0.0
241,241,241,AQb,https://img.xinxinapp.net/community/imgs/20190613/90123ea9df2bd97e8ea8bc021406f882_750x750.jpeg?imageView2/0/w/600/h/600/interlace/1%7cimageMogr2/format/jpg,NARS 双色眼影（新品）2.2g #Surabaya/闪闪发光的红糖/闪闪发光的栗子,--,xinxin://www.xinxinapp.cn?route=goodsDetail&id=y7VL&goods_id=AQb&flag=2#%7B%22from%22%3A%22tradeGoodsList%22%2C%22block%22%3A%22feed%22%2C%22from_url_id%22%3A%22%22%7D,y7VL,0.0
242,242,242,AQb,https://img.xinxinapp.net/community/imgs/20190613/5567e00e7d50b4ff62aea7cecbf8cf31_750x750.jpeg?imageView2/0/w/600/h/600/interlace/1%7cimageMogr2/format/jpg,NARS 双色眼影（新品）2.2g #Underworld/银/板岩蓝色,--,xinxin://www.xinxinapp.cn?route=goodsDetail&id=A9ll&goods_id=AQb&flag=2#%7B%22from%22%3A%22tradeGoodsList%22%2C%22block%22%3A%22feed%22%2C%22from_url_id%22%3A%22%22%7D,A9ll,0.0
243,243,243,Lp8,https://img.xinxinapp.net/community/imgs/20190918/931bd96cccb3a0a8e3d98069d9d9ec91_396x396.jpeg?imageView2/0/w/600/h/600/interlace/1%7cimageMogr2/format/jpg,DIOR/迪奥 5色眼影 #157/Magnify,--,xinxin://www.xinxinapp.cn?route=goodsDetail&id=3LQg&goods_id=Lp8&flag=2#%7B%22from%22%3A%22tradeGoodsList%22%2C%22block%22%3A%22feed%22%2C%22from_url_id%22%3A%22%22%7D,3LQg,0.0
244,244,244,Lp8,https://img.xinxinapp.net/community/imgs/20190918/9a4dfc7169990e57244aee44914fe3d5_396x396.jpeg?imageView2/0/w/600/h/600/interlace/1%7cimageMogr2/format/jpg,DIOR/迪奥 5色眼影 #277/Defy,--,xinxin://www.xinxinapp.cn?route=goodsDetail&id=KgYB&goods_id=Lp8&flag=2#%7B%22from%22%3A%22tradeGoodsList%22%2C%22block%22%3A%22feed%22%2C%22from_url_id%22%3A%22%22%7D,KgYB,0.0
245,245,245,Lp8,https://img.xinxinapp.net/community/imgs/20190918/7d2b3b36112724506e9e03ef75d841fd_396x396.jpeg?imageView2/0/w/600/h/600/interlace/1%7cimageMogr2/format/jpg,DIOR/迪奥 5色眼影 #357/Electrify,--,xinxin://www.xinxinapp.cn?route=goodsDetail&id=2Lbn&goods_id=Lp8&flag=2#%7B%22from%22%3A%22tradeGoodsList%22%2C%22block%22%3A%22feed%22%2C%22from_url_id%22%3A%22%22%7D,2Lbn,0.0
246,246,246,Lp8,https://img.xinxinapp.net/community/imgs/20190918/24fdb30f8408935d6fa52d891aab1d2f_396x396.jpeg?imageView2/0/w/600/h/600/interlace/1%7cimageMogr2/format/jpg,DIOR/迪奥 5色眼影 #457/Fascinate,--,xinxin://www.xinxinapp.cn?route=goodsDetail&id=rQEA&goods_id=Lp8&flag=2#%7B%22from%22%3A%22tradeGoodsList%22%2C%22block%22%3A%22feed%22%2C%22from_url_id%22%3A%22%22%7D,rQEA,0.0
